"F1","Year","Genre","Genre (.)","Genre - Split 2","Title","Mean Length","Max Length"
"0","1987","adventure-fantasy","adventure","fantasy","The Princess Bride","7","94"
"1","2004","action-drama","action","drama","Man On Fire","7","57"
"2","2009","comedy-drama","comedy","drama","He's Just Not That Into You","7","152"
"3","1992","biography","biography","","Malcolm X","8","320"
"4","1994","crime-drama","crime","drama","Pulp Fiction","7","200"
"5","2005","action-comedy","action","comedy","Feast","5","98"
"6","1992","comedy-drama","comedy","drama","Hero","10","244"
"7","1939","comedy-romance","comedy","romance","Ninotchka","8","111"
"8","1986","drama-mystery","drama","mystery","Blue Velvet","6","131"
"9","2001","drama","drama","","The Believer Script","7","180"
"10","2008","crime-drama","crime","drama","No Country For Old Men","6","114"
"11","1991","drama-history","drama","history","JFK","15","418"
"12","1999","action-adventure","action","adventure","The World is not Enough","7","93"
"13","1985"," sci-fi, adventure","sci-fi","fi, adventure","Spider-Man","6","234"
"14","1997","action-crime","action","crime","The Assignment","8","160"
"15","2002","comedy-horror","comedy","horror","Slash","6","59"
"16","2008","drama-sport","drama","sport","The  Wrestler","4","105"
"17","2002","drama-fantasy","drama","fantasy","Queen of the Damned","7","103"
"18","1999","action-comedy","action","comedy","Mystery Men","5","196"
"19","2004","comedy-drama","comedy","drama","Sideways","7","148"
"20","1993","drama","drama",""," Bodies, Rest & Motion","4","151"
"21","1999","horror-mystery","horror","mystery","House on Haunted Hill","6","113"
"22","1973","crime-drama","crime","drama","Badlands","7","99"
"23","1999","action-adventure","action","adventure","Mummy","7","158"
"24","2006","action-crime","action","crime","Crank","5","69"
"25","1995","biography-drama","biography","drama","Braveheart","8","211"
"26","1991","comedy-drama","comedy","drama","The Fisher King","7","233"
"27","1992","comedy-crime","comedy","crime","The Distinguished Gentleman","8","74"
"28","2002","horror-mystery","horror","mystery","Below","7","117"
"29","1996","horror-mystery","horror","mystery","Scream","6","353"
"30","2005","biography-drama","biography","drama","Warm Springs","7","72"
"31","2002","drama-mystery","drama","mystery","Solaris","6","125"
"32","1997","drama-romance","drama","romance","Inventing the Abbotts","5","160"
"33","1999","drama","drama","","Fight Club","6","96"
"34","1979","drama-war","drama","war","Apocalypse Now","8","171"
"35","2006","crime-drama","crime","drama","Jimmy and Judy","6","115"
"36","1986","action-adventure","action","adventure","Highlander","5","149"
"37","2017","animation-adventure","animation","adventure","Coco","6","78"
"38","2008","action-comedy","action","comedy","Pineapple Express","7","100"
"39","1992","drama-horror","drama","horror","Twin Peaks","7","186"
"40","1991","action-adventure","action","adventure","Hudson Hawk","9","102"
"41","2013","biography-drama","biography","drama","Fruitvale Station","6","63"
"42","2002","horror","horror","","Ghost Ship","6","106"
"43","1979","drama-thriller","drama","thriller","Hardcore","7","100"
"44","2001","action-crime","action","crime","Ticker","5","106"
"45","1995","comedy","comedy","","Four Rooms","7","84"
"46","1987","comedy-drama","comedy","drama","Moonstruck","5","190"
"47","1995","crime-drama","crime","drama","Seven","7","117"
"48","1978","biography-crime","biography","crime","Midnight Express","6","280"
"49","2001","comedy-fantasy","comedy","fantasy","Kate & Leopold","6","111"
"50","2012","drama","drama","","Mud","7","197"
"51","1976","crime-drama","crime","drama","Taxi Driver","7","190"
"52","1988","comedy-romance","comedy","romance","Bull Durham","8","104"
"53","1974","comedy-sci-fi","comedy","sci-fi","Dark Star","7","198"
"54","1975","adventure-drama","adventure","drama","Jaws","7","268"
"55","2002","drama-romance","drama","romance","A Walk to Remember","5","60"
"56","2007","biography-drama","biography","drama","Elizabeth The Golden Age","8","83"
"57","2016","comedy-drama","comedy","drama","Captain-Fantastic","6","107"
"58","2010","comedy-crime","comedy","crime","Date Night","12","164"
"59","2011","mystery-sci-fi","mystery","sci-fi","Limitless","7","208"
"60","1992","action-crime","action","crime","Batman Returns","11","125"
"61","1999","crime-drama","crime","drama","The Talented Mr Ripley","7","115"
"62","2007","action-mystery","action","mystery","The Bourne Ultimatum","6","68"
"63","1993","drama","drama","","Philadelphia","7","159"
"64","2014","drama","drama","","99 Homes","8","175"
"65","2002","action-comedy","action","comedy","Eight Legged Freaks","6","41"
"66","2005","action-adventure","action","adventure","Fantastic Four","7","536"
"67","2011","drama-thriller","drama","thriller","Take Shelter","5","96"
"68","2006","action-crime","action","crime","Miami vice","6","144"
"69","1999","action-comedy","action","comedy","Wild Wild West","9","121"
"70","1982","biography-  drama","biography","drama","Gandhi","10","117"
"71","1994","comedy-drama","comedy","drama","Fear & Loathing in Las Vegas","11","116"
"72","1998","action- adventure","action","adventure","Deep Rising","6","113"
"73","2009","drama-mystery","drama","mystery","Moon","7","107"
"74","1945","drama-horror","drama","horror","Isle of the dead","9","58"
"75","1997","mystery-thriller","mystery","thriller","Lost Highway","5","111"
"76","1948","comedy-romance","comedy","romance","Mr Blandings Builds His Dream House","8","449"
"77","2005","drama","drama","","12 and Holding","7","71"
"78","2011","action-adventure","action","adventure","I Am Number Four","15","471"
"79","2009","crime-drama","crime","drama","Law Abiding Citizen","8.5","77"
"80","1943","horror-thriller","horror","thriller","The leopard man","8","67"
"81","2005","comedy-crime","comedy","crime","Little Athens","6","55"
"82","1971","comedy-drama","comedy","drama","Happy Birthday,  Wanda June","6","222"
"83","2010","action-biography","action","biography","Whistleblower","8","138"
"84","2011","drama-thriller","drama","thriller","The Ides of March","7","100"
"85","1996","drama-romance","drama","romance","The Enlish Patient","7","96"
"86","1972","comedy-drama","comedy","drama","MASH","9","116"
"87","2011","fantasy-horror","fantasy","horror","Red Riding Hood","16","235"
"88","1975","biography-crime","biography","crime","Dog Day Afternoon","7","261"
"89","1998","crime-drama","crime","drama","Wild Things","8","131"
"90","1998","drama-history","drama","history","Beloved","7","253"
"91","1991","drama-mystery","drama","mystery","Kafka","9","62"
"92","1998","animation-adventure","animation","adventure","Who Framed Roger Rabbit?","8","77"
"93","1954","mystery-thriller","mystery","thriller","Rear Window","8","81"
"94","1991","action-comedy","action","comedy","The Last Boy Scout","7","90"
"95","1945","horror-thriller","horror","thriller","The Body Snatcher","9","79"
"96","1984","romance-sci-fi","romance","sci-fi","Starman","5","109"
"97","1997","drama","drama","","Good Will Hunting","7","195"
"98","2016","comedy-romance","comedy","romance","Bridget Joness Baby","9","122"
"99","1982","action-adventure","action","adventure","Tron","7","102"
"100","2005","action-horror","action","horror","Alone in the dark","7","90"
"101","1994","comedy-drama","comedy","drama","The Hudsucker Proxy","7","104"
"102","1993","crime-drama","crime","drama","Kalifornia","7","107"
"103","2002","comedy-crime","comedy","crime","Death to Smoochy","10","97"
"104","1993","action-biography","action","biography","Tombstone","7","142"
"105","1994","comedy-crime","comedy","crime","Serial Mom","7","40"
"106","1992","action-comedy","action","comedy","Buffy the Vampire Slayer script by Joss Whedon","6","80"
"107","1999","drama-mystery","drama","mystery","The Sixth Sense","6","268"
"108","1991","comedy-fantasy","comedy","fantasy","The Addams Family","5","67"
"109","2007","horror-thriller","horror","thriller","Timber Falls","6","253"
"110","2001","action-crime","action","crime","Antitrust","7","97"
"111","1999","comedy","comedy","","American Pie","6","59"
"112","2005","action-adventure","action","adventure","The Island","9","169"
"113","1935","comedy-crime","comedy","crime","The Thin Man","6","110"
"114","1999","fantasy-horror","fantasy","horror","Sleepy Hollow","7","82"
"115","1998","crime-drama","crime","drama","Out Of Sight","7","112"
"116","2001","comedy-drama","comedy","drama","Ghost World","8","282"
"117","1994","comedy-drama","comedy","drama","Being Human","8","257"
"118","2010","action-adventure","action","adventure","The Tourist","6","60"
"119","1979","horror-sci-fi","horror","sci-fi","Alien","5","39"
"120","2008","action-crime","action","crime","Max Payne","6","140"
"121","1975","horror-sci-fi","horror","sci-fi","Shivers","9","147"
"122","1982","comedy-sci-fi","comedy","sci-fi","Airplane 2 The Sequel","8","80"
"123","1999","drama-thriller","drama","thriller","Bringing Out the Dead","7","101"
"124","2009","comedy-drama","comedy","drama","500 Days","5","90"
"125","1989","drama-thriller","drama","thriller","Dry White Season","8","117"
"126","1948","action-mystery","action","mystery","Station West","6","65"
"127","2002","crime-drama","crime","drama","Panic Room","5","119"
"128","2012","animation-comedy","animation","comedy","Frankenweenie","5","69"
"129","2000","horror-sci-fi","horror","sci-fi","Pitch Black","7","69"
"130","1997","horror-sci-fi","horror","sci-fi","Event Horizon","6","245"
"131","1949","drama-film-noir","drama","film","All the King's Men","7","153"
"132","2010","action-adventure","action","adventure","Clash of the Titans","14","272"
"133","2016","comedy-drama","comedy","drama","20th Century Woman","6","67"
"134","1992","crime-drama","crime","drama","Bad Lieutenant","9.5","234"
"135","1984","action-sci-fi","action","sci-fi","Terminator","6","83"
"136","2001","crime-drama","crime","drama","In the Bedroom","13","268"
"137","2015","action-adventure","action","adventure","Star War Episode VII - The Force Awakens","6","98"
"138","2000","adventure-fantasy","adventure","fantasy","Book of Shadows Blair Witch 2","5","54"
"139","1960","drama-mystery","drama","mystery","L'Avventura","9","139"
"140","1937","adventure-drama","adventure","drama","Lost Horizon","8","296"
"141","1999","fantasy-horror","fantasy","horror","The Haunting","6","238"
"142","1999","comedy-drama","comedy","drama","10 Things I Hate About You","6","67"
"143","1953","comedy-drama","comedy","drama","Stalag 17","8","146"
"144","1991","action-sci-fi","action","sci-fi","Terminator 2 Judgement Day","7","100"
"145","2000","action-adventure","action","adventure","Mission Impossible II","7","180"
"146","1993","comedy-crime","comedy","crime","Fatal Instinct","7","71"
"147","1992","crime-drama","crime","drama","The Crying Game","4","134"
"148","1989","thriller","thriller","","Hider in the House","7","79"
"149","2013","biography-drama","biography","drama","Dallas Buyers Club","8","90"
"150","2011","drama-thriller","drama","thriller","Margin Call","5","232"
"151","1997","comedy-fantasy","comedy","fantasy","An American Werewolf In Paris","7","185"
"152","2011","mystery-sci-fi","mystery","sci-fi","Super 8","7","174"
"153","2003","comedy-crime","comedy","crime","New York Minute","6","69"
"154","2003","action-crime","action","crime","Cradle 2 the Grave","5","71"
"155","2001","comedy","comedy","","Scary Movie","6","197"
"156","1967","comedy","comedy","","The Producer","7","96"
"157","2005","comedy-drama","comedy","drama","Crazylove","7","40"
"158","1981","horror","horror","","The Evil Dead Script","6","107"
"159","1978","horror-thriller","horror","thriller","Halloween","5","75"
"160","1997","crime-drama","crime","drama","L.A. Confidential","8","59"
"161","1996","comedy-crime","comedy","crime","Bottle Rocket","5","184"
"162","2009","comedy-fantasy","comedy","fantasy","The Invention of Lying","7","180"
"163","1996","action-crime","action","crime","From Dusk Till Dawn","7","230"
"164","2002","action-mystery","action","mystery","The Bourne Identity","6","276"
"165","1997","crime-drama","crime","drama","Jackie Brown","7","199"
"166","1993","drama-music","drama","music","The Piano","7","276"
"167","1997","action-mystery","action","mystery","Conspiracy Theory","6","70"
"168","2002","drama-mystery","drama","mystery","Signs","6","120"
"169","2005","action-comedy","action","comedy","The Pacifier","7","106"
"170","1993","action-crime","action","crime","Demolition Man","8","143"
"171","1999","action-comedy","action","comedy","Lake Placid","6","94"
"172","1955","drama","drama","","Rebel Without A Cause","5","68"
"173","1999","crime-drama","crime","drama","The Limey","6","146"
"174","1992","comedy-crime","comedy","crime","Sister Act","6","160"
"175","1997","drama-mystery","drama","mystery","Devil's Advocate","7","162"
"176","2003","action-crime","action","crime","Kill Bill","7","433"
"177","1997","horror-sci-fi","horror","sci-fi","Mimic","5","45"
"178","2009","comedy","comedy","","The Hangover","6","132"
"179","1996","adventure-drama","adventure","drama","White Squall","6","118"
"180","2004","drama-mystery","drama","mystery","The Village","7","190"
"181","1993","biography-drama","biography","drama","This Boy's Life","8","148"
"182","1989","comedy-adventure","comedy","adventure","Erik The Viking","5","78"
"183","1997","horror-mystery","horror","mystery","The Relic","7","112"
"184","2000","action-adventure","action","adventure"," Crouching Tiger,Hidden Dragon","7","119"
"185","1979","action-crime","action","crime","Star Trek The Motion Picture","7","50"
"186","1996","crime-drama","crime","drama","Fargo","6","89"
"187","1996","comedy-drama","comedy","drama","Tin Cup","8","138"
"188","1999","comedy-music","comedy","music","Detroit Rock City","10","296"
"189","2006","comedy-horror","comedy","horror","Slither  2","6","96"
"190","2012","comedy-drama","comedy","drama","Silver Linings Playbook","7","221"
"191","1997","drama-mystery","drama","mystery","Affliction","7","130"
"192","1992","crime-drama","crime","drama","Jennifer Eight","7","294"
"193","2000","comedy-drama","comedy","drama","Wonder Boys","6","127"
"194","1992","crime-drama","crime","drama","Glengarry Glen Ross","5","182"
"195","2002","comedy-crime","comedy","crime","Analyze That","7","65"
"196","1999","comedy-crime","comedy","crime","Life","9","115"
"197","1995","action-crime","action","crime","Strange Days","8","94"
"198","2000","comedy","comedy","","Next Friday","6","44"
"199","1969","action-comedy","action","comedy","The Italian Job","7","119"
"200","2005","comedy-drama","comedy","drama","Game 6","6","80"
"201","1999","action-crime","action","crime","The Boondock Saints","8","217"
"202","2017","comedy-drama","comedy","drama","Big Sick","8","106"
"203","1991","action-adventure","action","adventure","Robin Hood Prince of Thieves","7","161"
"204","1997","action-crime","action","crime","Absolute Power","7","92"
"205","2004","action-crime","action","crime","Cellular","6","60"
"206","2006","comedy-romance","comedy","romance","Boy Who Never Slept","6","200"
"207","2009","comedy-drama","comedy","drama","Youth in Revolt","9","83"
"208","2009","biography-comedy","biography","comedy","I Love You Phillip Morris","6","144"
"209","1974","drama-mystery","drama","mystery","Chinatown","6","287"
"210","1998","action-adventure","action","adventure","Ronin","6","125"
"211","1941","drama-comedy","drama","comedy","Meet John Doe","8","136"
"212","2001","comedy","comedy","","Happy Campers","12","118"
"213","2000","crime-drama","crime","drama","Traffic","8","229"
"214","1976","action-sci-fi","action","sci-fi","Logans Run","7","239"
"215","1990","action-adventure","action","adventure","The Adventures of Ford Fairlane","7","108"
"216","2004","action-mystery","action","mystery","Bourne Supremacy","6","82"
"217","2009","animation-adventure","animation","adventure","Fantastic Mr Fox","17","190"
"218","2006","crime-drama","crime","drama","The Black Dahlia","7","84"
"219","1987","crime-drama","crime","drama","Someone To Watch Over Me","6","66"
"220","1961","drama-sport","drama","sport","The Hustler","6","272"
"221","1994","action-comedy","action","comedy","True Lies","7","85"
"222","2010","drama-musical","drama","musical","Burlesque","10","171"
"223","2014","action-biography","action","biography","America Sniper","7","94"
"224","2011","action-sci-fi","action","sci-fi","Cowboys & Aliens","19","292"
"225","1998","biography-drama","biography","drama","Gods and Monsters","7","78"
"226","2010","comedy-drama","comedy","drama","Kids Are All Right","6","88"
"227","1996","comedy-drama","comedy","drama","Jon Favreau's Swingers","6","134"
"228","1989","crime-drama","crime","drama","True Believer","7","136"
"229","1997","drama-romance","drama","romance","Titanic","16","341"
"230","2003","crime-thriller","crime","thriller","Confidence","7","101"
"231","1957","drama-fantasy","drama","fantasy","The Seventh Seal","8","173"
"232","1992","comedy-romance","comedy","romance","Man Trouble","9","62"
"233","1992","drama","drama","","City of Joy","9","150"
"234","1988","action-crime","action","crime","Above the Law","8","127"
"235","1995","action-crime","action","crime","Nick of Time","6","126"
"236","1993","comedy-drama","comedy","drama","Never Been Kissed","7","97"
"237","1933","comedy-musical","comedy","musical","Duck Soup","9","192"
"238","2010","crime-drama","crime","drama","The American","5","95"
"239","1992","horror","horror","","Hellraiser 3 Hell on Earth","7","128"
"240","2003","action-comedy","action","comedy","Crime Spree","7","85"
"241","1997","comedy-drama","comedy","drama","Wag the Dog","8","216"
"242","1960","horror-mystery","horror","mystery","Psycho","8","324"
"243","2009","adventure-fantasy","adventure","fantasy","The Imaginarium of Doctor Parnassus","6","140"
"244","2015","drama-romance","drama","romance","Brooklyn","8","106"
"245","1940","comedy-drama","comedy","drama","His Girl Friday","8","105"
"246","1992","drama-mystery","drama","mystery","Basic Instinct","6","362"
"247","2006","comedy","comedy","","The Surfer King","7","123"
"248","1995","crime-mystery","crime","mystery","The Usual Suspects","7","98"
"249","1995","crime-drama","crime","drama","Devil in a Blue Dress","7","101"
"250","2010","comedy-drama","comedy","drama","Easy A","8","175"
"251","1982","comedy-drama","comedy","drama","Fast Times At Ridgemont High","7","87"
"252","1978","adventure-drama","adventure","drama","Jaws 2","5","60"
"253","1955","drama-romance","drama","romance","Marty","8","205"
"254","2001","crime-drama","crime","drama","Hannibal","8","116"
"255","1993","animation-fantasy","animation","fantasy","The Nightmare Before Christmas","6","105"
"256","1943","drama-horror","drama","horror","Seventh Victim","8","77"
"257","2005","horror-mystery","horror","mystery","Hellraiser Deader","7","90"
"258","1957","drama-film-noir","drama","film","Sweet Smell of Sucess","9","175"
"259","2001","comedy","comedy","","Jay and Silent Bob Strike Back","9","126"
"260","2011","action-adventure","action","adventure","Conan the Barbarian","9","193"
"261","2005","comedy-romance","comedy","romance","Zerophilia","6","57"
"262","2003","comedy-crime","comedy","crime","Intolerable Cruelty","6","132"
"263","2005","drama-fantasy","drama","fantasy","The Jacket","7","100"
"264","1994","crime-drama","crime","drama","Natural Born Killers","8","239"
"265","2007","animation-action","animation","action","TMNT","7","81"
"266","2001","drama-romance","drama","romance","Angel Eyes","6","150"
"267","1934","comedy-romance","comedy","romance","It Happened One Night","7","141"
"268","1993","action-adventure","action","adventure","The Three Musketeers","6","86"
"269","1997","drama-mystery","drama","mystery","The Game","6","126"
"270","1998","comedy","comedy","","The X-Files Fight the Future","6","98"
"271","2001","drama-music","drama","music","Taking sides","10","176"
"272","1989","drama","drama","","Sex, Lies, and Videotape","6","131"
"273","1932","drama-romance","drama","romance","Grand Hotel","6","358"
"274","2011","comedy-romance","comedy","romance","Arthur","8","140"
"275","1995","comedy-crime","comedy","crime","Get Shorty","8","91"
"276","1990","comedy-crime","comedy","crime","Wild At Heart","9","239"
"277","1984","crime-drama","crime","drama","Blood Simple","6","85"
"278","1993","comedy-romance","comedy","romance","So I Married an Axe Murderer","8","173"
"279","1994","comedy","comedy","","Dumb And Dumber","8","84"
"280","2002","comedy-drama","comedy","drama","Simone","8","168"
"281","1997","crime-drama","crime","drama","U Turn","7","145"
"282","2007","adventure- comedy","adventure","comedy","Wild Hogs","14","219"
"283","2007","crime-drama","crime","drama","Honeydripper","7","86"
"284","2007","comedy-drama","comedy","drama","Juno","8","74"
"285","2003","comedy-crime","comedy","crime","Bad Santa","5","126"
"286","1980","comedy","comedy","","AIRPLANE!","9","110"
"287","1995","action-crime","action","crime","Assassins","5","97"
"288","2017","musical-fantasy","musical","fantasy","Beauty and the Beast","7","88"
"289","2002","action-drama","action","drama","Collateral Damage","6","116"
"290","1993","action-adventure","action","adventure","Cliffhanger","6","98"
"291","1989","adventure-drama","adventure","drama","The Abyss","8","83"
"292","1984","action-adventure","action","adventure","Indiana Jones And The Temple Of Doom","7","236"
"293","2011","drama-thriller","drama","thriller","Anonymous","9","131"
"294","2007","drama-fantasy","drama","fantasy","Nines","6","73"
"295","1993","biography-drama","biography","drama","SCHINDLER'S LIST","6","123"
"296","2003","comedy-crime","comedy","crime","Malibu's Most Wanted","6","84"
"297","2000","comedy-drama","comedy","drama","State And Main","6","294"
"298","1976","biography-drama","biography","drama","All the Presidents Men","7","108"
"299","1983"," crime-mystery,","crime","mystery,","White Jazz","8","115"
"300","2005","drama-thriller","drama","thriller","Two For The Money","10","170"
"301","2004","drama-mystery","drama","mystery","Manchurian candidate","7","174"
"302","1997","action-crime","action","crime","Face Off","8","58"
"303","1989","comedy-drama","comedy","drama","Dead-Poets Society","6","160"
"304","1954","comedy-musical","comedy","musical","White Christmas","7","78"
"305","2004","sci-fi-thriller","sci-fi","thriller","The Butterfly Effect","8","73"
"306","2013","biography-crime","biography","crime","Bling Ring","6","89"
"307","2003","horror-mystery","horror","mystery","Gothika","8","87"
"308","1949","drama","drama","","Playback","7","155"
"309","2004","action-adventure","action","adventure","I robot","8","99"
"310","2013","crime-drama","crime","drama","American Hustle","9","120"
"311","2009","action-adventure","action","adventure","Terminator Salvation","6","56"
"312","1987","comedy-horror","comedy","horror","Evil Dead II Dead by Dawn","6","43"
"313","1999","drama-romance","drama","romance","Cruel Intentions","6","139"
"314","2000","crime-drama","crime","drama","Frequency","6","72"
"315","1944","drama","drama","","The curse of the cat people","8","119"
"316","2010"," biography, drama","biography, drama","","Social Network","7","269"
"317","1958","mystery-romance","mystery","romance","Vertigo","6","234"
"318","2011","comedy-romance","comedy","romance","Bridesmaids","11","181"
"319","2009","drama-fantasy","drama","fantasy","The Box","11","402"
"320","1954","comedy-musical","comedy","musical","White Christmas","7","78"
"321","1988","adventure-drama","adventure","drama","The big blue","6","123"
"322","1964","comedy-musical","comedy","musical","A Hard Day's Night","6","127"
"323","1990","comedy-drama","comedy","drama","Bonfire of the Vanities","8","115"
"324","2005","action-drama","action","drama","V for Vendetta","8","71"
"325","1992","drama-fantasy","drama","fantasy","Newsies","8","70"
"326","1992","drama-western","drama","western","Unforgiven","7","89"
"327","1982","horror-mystery","horror","mystery","The Thing","6","80"
"328","1994","drama-romance","drama","romance","Forrest Gump","7","92"
"329","2009","adventure-biography","adventure","biography","Amelia","8","53"
"330","1984","action-comedy","action","comedy","Ghostbusters","8","75"
"331","1981","adventure-drama","adventure","drama","Excalibur","9","89"
"332","1980","horror-mystery","horror","mystery","Friday the 13th","6","55"
"333","1997","adventure-comedy","adventure","comedy","Austin Powers International Man of Mystery","7","86"
"334","2011","comedy-romance","comedy","romance","Hall Pass","12","129"
"335","1949","action-adventure","action","adventure","Roughshod","7","74"
"336","1972","drama","drama","","The Day the Clown Cried","8","90"
"337","2001","action-western","action","western","American Outlaws","6.5","60"
"338","1985","action-crime","action","crime","Silverado","7","214"
"339","1979","drama","drama","","Kramer vs Kramer","7","218"
"340","1998","crime-drama","crime","drama","Croupier","6","129"
"341","1999","mystery-thriller","mystery","thriller","8MM","7","205"
"342","2011","crime-drama","crime","drama","Drive","13","253"
"343","1983","action-adventure","action","adventure","Star Wars Episode VI - Return of the Jedi","7","92"
"344","1985","crime-drama","crime","drama","Witness","6","84"
"345","1990","biography-drama","biography","drama","Awakenings","6","127"
"346","1995","drama","drama","","Kids","6","91"
"347","1967","crime-drama","crime","drama","Cool Hand Luke","7","150"
"348","1988","drama-history","drama","history","Beloved","7","253"
"349","2017","biography-comedy","biography","comedy","Battle of the Sexes","7","140"
"350","1998","biography-drama","biography","drama","Gods and Monsters","7","84"
"351","1996","action-adventure","action","adventure","The Postman","7","155"
"352","2004","drama","drama","","The Woodsman","5","73"
"353","2004","action-adventure","action","adventure","Hellboy","6","50"
"354","2002","action-horror","action","horror","Blade II","7","229"
"355","1997","action-crime","action","crime","Breakdown","7","57"
"356","2009","drama","drama","","Precious","7","166"
"357","1951","drama-sci-fi","drama","sci-fi","The Day the Earth Stood Still","9","102"
"358","1997","adventure-comedy","adventure","comedy","Men In Black","7","93"
"359","2011","comedy-drama","comedy","drama","The Descendants","8","136"
"360","1992","crime- drama","crime","drama","Reservoir Dogs","9","207"
"361","1998","drama-horror","drama","horror","Sphere","7","116"
"362","2003","adventure-drama","adventure","drama","Big Fish","8","164"
"363","2011","mystery- romance","mystery","romance","Source Code","14","240"
"364","1990","action-crime","action","crime","Hard to Kill","7","72"
"365","2003","action-sci-fi","action","sci-fi","The Matrix Reloaded","6","117"
"366","1993","action-adventure","action","adventure","Mighty Morphin Power Rangers","5","106"
"367","1993","comedy-drama","comedy","drama","Six Degrees of Separation","10","221"
"368","2010","action-comedy","action","comedy","The Bounty Hunter","6","155"
"369","1931","comedy-romance","comedy","romance","Platinum Blonde","8","141"
"370","2016","action-adventure","action","adventure","Deadpool","7","114"
"371","2000","comedy-fantasy","comedy","fantasy","Little Nicky","8","52"
"372","1940","drama-history","drama","history","The Grapes of Wrath","7","110"
"373","1977","action-adventure","action","adventure","Star Wars A New Hope","8","111"
"374","2000","action-adventure","action","adventure","Charlie's Angels","6","283"
"375","2005","crime-drama","crime","drama","Wild Things Diamonds in the Rough","7","120"
"376","2000","drama-history","drama","history","Thirteen Days","12","93"
"377","1997","biography-drama","biography","drama","Kundun","6","75"
"378","1999","animation-comedy","animation","comedy","South Park","7","89"
"379","2002","drama- mystery","drama","mystery","Insomnia","5","98"
"380","2011","comedy-crime","comedy","crime","Horrible Bosses","10","95"
"381","2001","comedy-crime","comedy","crime","Sugar and Spice","8","94"
"382","1998","action-drama","action","drama","Soldier","7","314"
"383","1963","comedy-mystery","comedy","mystery","Charade","6","90"
"384","1981","comedy-horror","comedy","horror","An American Werewolf In London","5","150"
"385","2000","drama-mystery","drama","mystery","Unbreakable","6","198"
"386","1999","biography-drama","biography","drama","Insider","8","128"
"387","1982","drama","drama","","The Verdict","6","145"
"388","2014","comedy","comedy","","Authors Anonymous","7","103"
"389","1939","comedy-drama","comedy","drama","Mr Smith Goes To Washington","8","271"
"390","2009","action-drama","action","drama","Whiteout","6","85"
"391","1987","horror-thriller","horror","thriller","Hellraiser","4","222"
"392","2012","action-thriller","action","thriller","The Dark Knight Rises","7","106"
"393","1973","crime-drama","crime","drama","Mean streets","7","103"
"394","2011","comedy-drama","comedy","drama","  Crazy, Stupid, Love","9","149"
"395","2001","crime-drama","crime","drama","The Man Who Wasn't There","6","130"
"396","2004","crime-drama","crime","drama","Collateral","6","187"
"397","2002","action-adventure","action","adventure","xXx","9.5","153"
"398","1932","drama","drama","","American Madness","8","85"
"399","1997","biography-crime","biography","crime","Donnie Brasco","7","70"
"400","1998","action-crime","action","crime","Enemy of the State","5","183"
"401","2010","action-adventure","action","adventure","The Book of Eli","7","132"
"402","1959","comedy-romance","comedy","romance","Some Like It Hot","7","144"
"403","2001","comedy-crime","comedy","crime","Made","6","136"
"404","2000","biography-drama","biography","drama","Quills","9.5","173"
"405","2012","drama","drama","","Candle to Water","8","132"
"406","1998","comedy-crime","comedy","crime","Very Bad Things","5","180"
"407","2010","action-fantasy","action","fantasy","Legion","6","142"
"408","1995","crime-drama","crime","drama","Heat","5","116"
"409","2006","drama-mystery","drama","mystery","Disturbia","5","244"
"410","1996","comedy-drama","comedy","drama","Jerry Maguire","7","236"
"411","2013","animation-adventure","animation","adventure","Frozen","5","101"
"412","2006","drama","drama","","Babel","6","84"
"413","1949","drama","drama","","Blue Hotel","7","239"
"414","2009","comedy-drama","comedy","drama","17 Again","7","209"
"415","1992","drama-sport","drama","sport","The Power of One","7","94"
"416","2003","crime-drama","crime","drama","The Life of David Gale","6","95"
"417","1993","comedy-drama","comedy","drama","The Sandlot","7","127"
"418","2009","adventure-drama","adventure","drama","Twilight New Moon","6","46"
"419","1987","comedy-drama","comedy","drama","Tin Men","9","158"
"420","1955","crime-drama","crime","drama","The Night Of The Hunter","6","102"
"421","1986","drama-war","drama","war","Platoon","8","307"
"422","2000","action-crime","action","crime","The Crow Salvation","6","48"
"423","1997","action-drama","action","drama","Air Force One","7","115"
"424","1946","drama-fantasy","drama","fantasy","It's a Wonderful Life","7","281"
"425","2003","action-crime","action","crime","Basic Script","7","69"
"426","1998","comedy-drama","comedy","drama","The Truman Show","6","83"
"427","1999","action-adventure","action","adventure","Three Kings","6","79"
"428","1998","comedy-crime","comedy","crime","Very Bad Things 2","5","180"
"429","2008","biography-comedy","biography","comedy","How to Lose Friends & Alienate People","8","156"
"430","2009","biography-drama","biography","drama","Invictus","7","106"
"431","1989","comedy-sport","comedy","sport","Major League","9","96"
"432","2008","action-crime","action","crime","RocknRolla","9","126"
"433","1981","action-adventure","action","adventure","Indiana Jones and the Raiders of the Lost Ark","7","123"
"434","1998","animation-adventure","animation","adventure","Antz","7","93"
"435","1993","crime-drama","crime","drama","A Perfect World","6","110"
"436","2004","drama-romance","drama","romance","Eternal Sunshine of the Spotless Mind","7","188"
"437","1969","drama","drama","","Midnight Cowboy","10","69"
"438","2000","horror-sci-fi","horror","sci-fi","Pitch Black","7","69"
"439","2005","action-biography","action","biography","Domino","8","97"
"440","2013","action-biography","action","biography","Rush","8","114"
"441","2004","crime-horror","crime","horror","Saw","9","419"
"442","1956","drama-thriller","drama","thriller","The Man Who Knew Too Much","8","68"
"443","1999","action-romance","action","romance","Entrapment","8","293"
"444","1986","comedy","comedy","","Ferris Bueller's Day Off","6","243"
"445","2007","biography-crime","biography","crime","American Gangster","8","93"
"446","1979","comedy-drama","comedy","drama","Breaking Away","12","212"
"447","2011","drama-mystery","drama","mystery","Tinker Tailor Soldier Spy","8","91"
"448","1995","crime-drama","crime","drama","Casino","8","144"
"449","1999","crime-drama","crime","drama","The Green Mile","10","102"
"450","1994","comedy","comedy","","Clerks","7","268"
"451","1936","comedy-drama","comedy","drama","Mr. Dees goes to town","7","105"
"452","2000","horror-mystery","horror","mystery","Cherry Falls","5","44"
"453","2002","action-adventure","action","adventure","Time Machine","8","135"
"454","2000","comedy-drama","comedy","drama","Adaptation","8","165"
"455","1976","horror","horror","","Carrie","5","71"
"456","2000","drama-fantasy","drama","fantasy","What Lies Beneath","5","89"
"457","1990","crime-drama","crime","drama","Misery","8","124"
"458","1971","action-crime","action","crime","The French Connection","7","91"
"459","2009","comedy-crime","comedy","crime","Extract","11","252"
"460","2011","action-fantasy","action","fantasy","Drive Angry","14.5","261"
"461","1999","horror-sci-fi","horror","sci-fi","eXistenZ","15","394"
"462","2005","mystery-thriller","mystery","thriller","Flightplan","6","109"
"463","1990","action-sci-fi","action","sci-fi","Total Recall","8","56"
"464","2012","action-adventure","action","adventure","The Avengers","8","116"
"465","1999","biography-drama","biography","drama","RKO 281","8","163"
"466","1983","drama","drama","","The Ploughman's Lunch","7","154"
"467","1996","drama","drama","","Crash","9","118"
"468","2008","comedy-drama","comedy","drama","Sunshine Cleaning","6","72"
"469","1992","action-drama","action","drama","Bodyguard","6","96"
"470","1999","drama","drama","","Magnolia","6","342"
"471","2000","action-adventure","action","adventure","Reindeer Games","6","230"
"472","2009","drama-romance","drama","romance","Obsessed","6","71"
"473","1993","action-drama","action","drama","The Program","10","93"
"474","1981","action-adventure","action","adventure","Dragonslayer","7","81"
"475","2000","biography-drama","biography","drama","Erin Brockovich","8","109"
"476","1999","drama-music","drama","music","Music of the Heart","7","88"
"477","1997","drama-thriller","drama","thriller","187","7","106"
"478","1984","horror","horror","","A Nightmare on Elm Street","7","63"
"479","2014","action-crime","action","crime","Bad Country","7","103"
"480","2000","adventure-comedy","adventure","comedy"," O Brother, Where Art Thou","7","88"
"481","2012","biography-drama","biography","drama","Lincoln","11","267"
"482","2008","comedy-romance","comedy","romance","Yes Man","7","85"
"483","2000","comedy-drama","comedy","drama","High Fidelity","8","185"
"484","1999","horror-sci-fi","horror","sci-fi","The Rage Carrie 2","13","228"
"485","2009","action-crime","action","crime","Boondock Saints 2 All Saints","8","185"
"486","2007","comedy","comedy","","Death at a Funeral","10","142"
"487","2011","comedy","comedy","","Cedar Rapids","10","182"
"488","2005","comedy","comedy","","Dave Barry's Complete Guide to Guys","11","347"
"489","1999","drama-romance","drama","romance","The Cider House Rules","8","101"
"490","1962","crime-drama","crime","drama","To Kill a Mockingbird","7","167"
"491","2002","comedy-drama","comedy","drama","Punch Drunk Love","6","134"
"492","1981","crime-drama","crime","drama","BodyHeat","7","173"
"493","2016","biography- drama","biography","drama","Birth of  a Nation","6","102"
"494","2008","drama-fantasy","drama","fantasy","The Curious Case of Benjamin Button","8","123"
"495","2011","comedy","comedy","","Bad Teacher","12","165"
"496","2001","animation-comedy","animation","comedy","Monkeybone","9","104"
"497","1998","comedy-romance","comedy","romance","There's Something About Mary","7","119"
"498","2008","drama-thriller","drama","thriller","Valkyrie","8","91"
"499","1999","comedy-romance","comedy","romance","Drop Dead Gorgeous","9","64"
"500","1994","biography-comedy","biography","comedy","Ed Wood","8","92"
"501","1988","comedy-fantasy","comedy","fantasy","Beetlejuice","7","168"
"502","2004","crime-horror","crime","horror","Suspect Zero","5","137"
"503","1980","biography-drama","biography","drama","Raging Bull","8","478"
"504","2015","biography-drama","biography","drama","The Big Short","10","134"
"505","2002","crime-drama","crime","drama","The Salton Sea","6","87"
"506","1993","drama-horror","drama","horror","Mary Shelley's Frankenstein","7","267"
"507","2014","comedy-drama","comedy","drama","Dear White People","7","103"
"508","2010","action-crime","action","crime","The Next Three Days","6","75"
"509","2001","biography-drama","biography","drama","Ali","7","147"
"510","1993","comedy-drama","comedy","drama","Even Cowgirls Get The Blues","12","477"
"511","2001","comedy-drama","comedy","drama","Human Nature","7","150"
"512","2012","comedy-drama","comedy","drama","Celeste and Jesse Forever","6","117"
"513","1943","drama-romance","drama","romance","The Life and Death of Colonel Blimp","7","556"
"514","2010","drama-romance","drama","romance","Remember Me","5","45"
"515","1996","drama","drama","","Sling Blade","10","861"
"516","1992","drama-thriller","drama","thriller","A Few Good Men","7","251"
"517","1976","drama-sport","drama","sport","Rocky","6","243"
"518","1960","comedy-drama","comedy","drama","The Apartment","7","112"
"519","1980","drama-horror","drama","horror","Shining","6","78"
"520","1998","action-sci-fi","action","sci-fi","Godzilla","6","51"
"521","1986","action-adventure","action","adventure","Aliens","6","281"
"522","2001","comedy-romance","comedy","romance","Legally Blonde","7","116"
"523","2001","drama-romance","drama","romance","The Majestic","7","194"
"524","1983","action-adventure","action","adventure","Krull","6","54"
"525","2001","drama","drama","","Life as a House","6","126"
"526","1996","action-adventure","action","adventure","Mission Impossible","7","104"
"527","1991","crime-drama","crime","drama","The Silence of the Lambs","11","140"
"528","2015","biography- comedy","biography","comedy","Danny Collins","6","123"
"529","2011","drama","drama","","Shipping News","9","88"
"530","1986","comedy-drama","comedy","drama","Hannah and Her Sisters","6","119"
"531","1999","drama-mystery","drama","mystery","Snow Falling On Cedars","11","56"
"532","1997","comedy-drama","comedy","drama","Chasing Amy","8","290"
"533","2006","action-crime","action","crime","Smokin' Aces","9","151"
"534","1992","crime-drama","crime","drama","Reservoir Dogs","9","332"
"535","2006","comedy-horror","comedy","horror","Slither","6","57"
"536","1982","drama-romance","drama","romance","An Officer And A Gentleman","9","79"
"537","1993","drama-music","drama","music","The Piano","7","182"
"538","2008","horror-mystery","horror","mystery","Mirrors","8","99"
"539","1950","drama-film-noir","drama","film","Sunset Boulevard","8","109"
"540","2017","comedy-drama","comedy","drama","Brads-Status","8","94"
"541","1995","drama","drama","","Panther","9","106"
"542","1990","action-thriller","action","thriller","Die Hard 2","13","137"
"543","1987","mystery","mystery","","One Saliva Bubble","7","131"
"544","2010","action-adventure","action","adventure","Tron Legacy","6","91"
"545","1994","biography-drama","biography","drama","Cobb","7","94"
"546","1977","action-comedy","action","comedy","Smokey And The Bandit","6","90"
"547","1999","comedy-drama","comedy","drama","Mumford","8","89"
"548","2010","drama-thriller","drama","thriller","Frozen","6","93"
"549","1982","sci-fi-thriller","sci-fi","thriller","Blade Runner","6","105"
"550","2008","crime-drama","crime","drama","While She Was Out","6","93"
"551","2011","comedy-drama","comedy","drama","Something Borrowed","8","97"
"552","2003","comedy","comedy","","Hebrew Hamme","8","77"
"553","1998","crime-drama","crime","drama","Apt Pupil","8","289"
"554","1997","action-adventure","action","adventure","Tomorrow Never Dies","7","75"
"555","1988","horror-thriller","horror","thriller","Hellbound Hellraiser II","5","32"
"556","2001","comedy-crime","comedy","crime","Birthday Girl","5","110"
"557","1989","action-adventure","action","adventure","Batman","7","54"
"558","2009","comedy-horror","comedy","horror","Jennifer's Body","7","128"
"559","2001","action-horror","action","horror","Jason X","5","57"
"560","1998","mystery-sci-fi","mystery","sci-fi","Dark City","5","86"
"561","2002","biography-drama","biography","drama","The Pianist","6","131"
"562","2005","action-crime","action","crime","Chaos","7","88"
"563","1989","action-adventure","action","adventure","Indiana Jones And The Last Crusade","6","108"
"564","1999","comedy-crime","comedy","crime","Analyze This","8","103"
"565","2008","biography-drama","biography","drama","The Other Boleyn Girl","6","88"
"566","1997","action-comedy","action","comedy","Grosse Pointe Blank","6","121"
"567","2004","crime-drama","crime","drama","Taking Lives","8","82"
"568","2011","drama-sci-fi","drama","sci-fi","Donnie Darko","7","115"
"569","2004","adventure-fantasy","adventure","fantasy","Harry Potter and the Prisoner of Azkaban","6","83"
"570","1987","comedy-drama","comedy","drama","Hope And Glory","7","84"
"571","2003","adventure-comedy","adventure","comedy","Grand Theft Parsons","6","105"
"572","1992","action-adventure","action","adventure","The Last Of The Mohicans","7","175"
"573","1990","biography-crime","biography","crime","Good Fellas","8","147"
"574","2001","action-crime","action","crime","Swordfish","6","107"
"575","2007","action-sci-fi","action","sci-fi","Next","6","58"
"576","1981","action-crime","action","crime","Thief","6","186"
"577","1995","action-comedy","action","comedy","Bad Boys","9","81"
"578","1991","crime-drama","crime","drama","Mobsters","7","114"
"579","1992","crime-mystery","crime","mystery","Thunderheart","8","105"
"580","2011","comedy-drama","comedy","drama","Larry Crowne","8","133"
"581","2007","comedy","comedy","","Superbad","7","94"
"582","1988","comedy","comedy","","Heathers","9","68"
"583","1985","action-adventure","action","adventure","Commando","15","193"
"584","1984","biography-drama","biography","drama","Amadeus","7","270"
"585","2009","action-crime","action","crime","Ninja Assassin","6","109"
"586","2006","action-adventure","action","adventure","Pirates of the Caribbean Dead","6","61"
"587","2009","action-adventure","action","adventure","2012","7","51"
"588","1996","action-crime","action","crime","The Long Kiss Goodnight","9","155"
"589","1985","comedy-crime","comedy","crime","Fletch","6","78"
"590","1941","drama-mystery","drama","mystery","Citizen Kane","8","194"
"591","2011","comedy-drama","comedy","drama","50-50","6","236"
"592","2012","animation-adventure","animation","adventure","Rise of the Guardians","6","77"
"593","2005","adventure-comedy","adventure","comedy","The Hitchhiker's Guide to the Galaxy","7","109"
"594","2000","adventure-drama","adventure","drama","Quantum Project","6","36"
"595","2003","horror","horror","","House Of 1000 Corpses","8","88"
"596","1996","drama","drama","","Trainspotting","7","169"
"597","1987","action-sci-fi","action","sci-fi","Predator","7","69"
"598","2000","comedy-crime","comedy","crime","Nurse Betty","8","111"
"599","1991","action-crime","action","crime","Backdraft","7","121"
"600","1998","drama-romance","drama","romance","The Horse Whisperer","8","322"
"601","2009","action-adventure","action","adventure","Star Trek","7.5","209"
"602","1997","action-drama","action","drama","G.I. Jane","8","116"
"603","1997","action-comedy","action","comedy","Metro","7","104"
"604","2017","comedy-drama","comedy","drama","Brigsby Bear","7","97"
"605","2009","biography-comedy","biography","comedy","The Informant!","17","244"
"606","2011","comedy-fantasy","comedy","fantasy","The Change-Up","11","235"
"607","1963","drama-horror","drama","horror","The Birds","6","125"
"608","1999","comedy-romance","comedy","romance","Runaway Bride","5","63"
"609","1990","crime-drama","crime","drama","The Godfather Part III","14","233"
"610","2002","action-adventure","action","adventure","Minority Report","6","238"
"611","2002","biograpy-comedy","biography","comedy","Confessions of a Dangerous Mind","7","106"
"612","2011","drama-romnace","drama","romnace","Water for Elephants","14","418"
"613","2002","drama-mystery","drama","mystery","Solaris","6","124"
"614","2003","comedy-drama","comedy","drama","Something's Gotta Give","8","126"
"615","2009","mystery-thriller","mystery","thriller","Angels & Demons","9.5","56"
"616","2011","crime-drama","crime","drama","The Lincoln Lawyer","12","224"
"617","1995","crime-mystery","crime","mystery","The Usual Suspects","7","98"
"618","1982","action-adventure","action","adventure","Star Trek II The Wrath of Khan","3","9"
"619","1975","biography-crime","biography","crime","Dog Day Afternoon","7","248"
"620","2017","drama-romance","drama","romance","Call me by your name","6","131"
"621","1993","action-biography","action","biography","Tombstone","7","142"
"622","2005","action-crime","action","crime","Hostage","8","39"
"623","2011","comedy-horror","comedy","horror","Fright Night","12","253"
"624","1991","adventure-crime","adventure","crime","Thelma and Louise","7","111"
"625","2015","biography-drama","biography","drama","The Danish Girl","5","55"
"626","2017","drama-thriller","drama","thriller","The Beguiled","7","54"
"627","1989","drama-family","drama","family","Field of Dreams","10","250"
"628","2015","action-crime","action","crime","Point Break","8","74"
"629","1998","drama-fantasy","drama","fantasy","After Life","6","93"
"630","2011","drama","drama","","Shame","4","104"
"631","2002","horror-mystery","horror","mystery","Hellraiser Hellseeker","7","100"
"632","2013","action-adventure","action","adventure","Oblivion","16","307"
"633","2014","drama","drama","","Boyhood","6","143"
"634","2009","biography-drama","biography","drama","The Blind Side","11","275"
"635","2011","animation-adventure","animation","adventure","Cars 2","7","71"
"636","1971","action-crime","action","crime","The French Connection","7","91"
"637","1997","crime-drama","crime","drama","Jackie Brown","7","199"
"638","1997","action-adventure","action","adventure","The fifth element","12","15"
"639","2002","comedy-drama","comedy","drama","Punch drunk love","6","134"
"640","2001","drama-romance","drama","romance","Majestic","7","127"
"641","2011","comedy-romance","comedy","romance","Something Borrowed","8","97"
"642","2009","action-sci-fi","action","sci-fi","Surrogates","13","339"
"643","2000","comedy-drama","comedy","drama","State and Main","6","97"
"644","2007","action-adventure","action","adventure","The Transformers","7","72"
"645","2009","drama-musical","drama","musical","Nine","6","141"
"646","2011","comedy","comedy","","Cedar Rapids","7","182"
"647","2008","comedy-crime","comedy","crime","Burn After Reading","5","108"
"648","1939","adventure-fantasy","adventure","fantasy","The Wizard of Oz","7","92"
"649","2009","action-adventure","action","adventure","Avatar","8","72"
"650","2002","crime-drama","crime","drama","Panic Room","5","119"
"651","2014","action-adventure","action","adventure","Edge of Tomorrow","7","132"
"652","1986","comedy-drama","comedy","drama","Hannah and Her Sisters","6","119"
"653","1998","crime-drama","crime","drama","American History X","7","188"
"654","2010","action-adventure","action","adventure","The Losers","6","154"
"655","1987","crime-drama","crime","drama","Wall Street","12","213"
"656","2004","comedy-drama","comedy","drama","Burning Annie","9","167"
"657","2000","comedy-crime","comedy","crime","Cecil B. Demented","15","268"
"658","1972","action-crime","action","crime","Getaway","5","107"
"659","1994","action-adventure","action","adventure","Star Trek Generations","6","43"
"660","1980","comedy","comedy","","Airplane!","9","110"
"661","2014","animation-adventure","animation","adventure","The Boxtrolls","5","137"
"662","1987","action-crime","action","crime","Lethal Weapon","5","62"
"663","2011","comedy-drama","comedy","drama","The Best Exotic Marigold Hotel","10","214"
"664","2004","action-crime","action","crime","Spartan","6","294"
"665","1999","crime-drama","crime","drama","The Talented Mr. Ripley","7","115"
"666","1996","drama","drama","","Sling Blade","10","861"
"667","1980","biography-drama","biography","drama","Raging Bull","9","297"
"668","1953","drama-romance","drama","romance","From Here to Eternity","10","159"
"669","1993","comedy-sci-fi","comedy","sci-fi","Freaked","8","105"
"670","1976","crime-drama","crime","drama","Taxi Driver","7","114"
"671","2009","horror-mystery","horror","mystery","Case 39","7","201"
"672","2003","adventure-drama","adventure","drama","The Lord of the Rings The Return of the King","7","60"
"673","2010","comedy-drama","comedy","drama","Hesher","6","174"
"674","2001","adventure-drama","adventure","drama","Lord of the Rings Fellowship of the Ring","8","102"
"675","2005","drama-romance","drama","romance","Pride and Prejudice","12","189"
"676","2012","drama-romance","drama","romance","Amour","6","272"
"677","2015","drama-war","drama","war","Beasts of No Nation","8","106"
"678","1975","comedy-drama","comedy","drama","Shampoo","5","117"
"679","2012","drama-thriller","drama","thriller","Arbitrage","6","84"
"680","1987","adventure-family","adventure","family","The Princess Bride","7","94"
"681","1990","comedy-horro","comedy","horro","Tremors","25.5","123"
"682","1980","drama-horror","drama","horror","The Shining","6","78"
"683","1984","action-adventure","action","adventure","Dune","8","122"
"684","1997","animation-adventure","animation","adventure","Anastasia","7","48"
"685","2015","drama-romance","drama","romance","Carol","6","69"
"686","2003","comedy","comedy","","Bruce Almighty","7","123"
"687","2011","action-biography","action","biography","Machine Gun Preacher","6","250"
"688","2003","action-adventure","action","adventure","Pirates of the Caribbean The curse of the black pearl","8","79"
"689","2011","drama-romance","drama","romance","Jane Eyre","7","91"
"690","1989","comedy-drama","comedy","drama","Do the right thing","11","102"
"691","2012","drama-sci-fi","drama","sci-fi","Chronicle","6","145"
"692","2011","action-drama","action","drama","Rise of the Planet of the Apes","12","257"
"693","2002","adventure-drama","adventure","drama","The Lord of the Rings Two Towers","7","103"
"694","1993","comedy","comedy","","Dazed and confused","7","100"
"695","2007","crime-drama","crime","drama","Fracture","10","160"
"696","2015","drama-sport","drama","sport","Creed","7","104"
"697","1995","crime-drama","crime","drama","Casino","7","144"
"698","1998","action-adventure","action","adventure","Man in the Iron Mask","7","256"
"699","1995","comedy-drama","comedy","drama","The American President","7","212"
"700","1996","action-adventure","action","adventure","Star Trek First Contact","5","118"
"701","1992","comedy-drama","comedy","drama","The Crying Game","4","134"
"702","2010","drama-thriller","drama","thriller","The Debt","6","77"
"703","1997","horror-mystery","horror","mystery","Scream 2","6","108"
"704","2017","biography-drama","biography","drama","Darkest Hour","6","176"
"705","2013","horror-mystery","horror","mystery","The Conjuring","6","83"
"706","2010","comedy-drama","comedy","drama","Another Year","4","133"
"707","1991","comedy-drama","comedy","drama","Barton-Fink","7","166"
"708","2011","comedy-fantasy","comedy","fantasy","Midnight in Paris","9","119"
"709","2010","drama-romance","drama","romance","Blue Valentine","6","106"
"710","1998","action-adventure","action","adventure","Lost in Space","7","81"
"711","1977","comedy-romance","comedy","romance","Annie Hall","7.5","149"
"712","1989","action-adventure","action","adventure","Indiana Jones and the Last Crusade","15.5","422"
"713","2011","action-mystery","action","mystery","Unknown","18","256"
"714","2001","action-crime","action","crime","Heist","6","160"
"715","2009","animation-drama","animation","drama","Coraline","6","42"
"716","2011","action-crime","action","crime","Colombiana","5","185"
"717","1995","animation-adventure","animation","adventure","Toy Story","6","70"
