F1;Year;Genre;Genre - Split 1;Genre - Split 2;Film Title;Number Of Heroes;
0;1992;drama-fantasy;drama;fantasy;Newsies;107;
1;1992;drama-western;drama;western;Unforgiven;41;
2;1990;comedy-drama;comedy;drama;Bonfire of the Vanities;91;
3;2005;action-drama;action;drama;V for Vendetta;52;
4;1984;action-comedy;action;comedy;Ghostbusters;66;
5;1994;drama-romance;drama;romance;Forrest Gump;102;
6;2009;adventure-biography;adventure;biography;Amelia;56;
7;1997;adventure-comedy;adventure;comedy;Austin Powers International Man of Mystery;79;
8;2011;comedy-romance;comedy;romance;Hall Pass;65;
9;1981;adventure-drama;adventure;drama;Excalibur;45;
10;1980;horror-mystery;horror;mystery;Friday the 13th;43;
11;1982;horror-mystery;horror;mystery;The Thing;38;
12;1949;action-adventure;action;adventure;Roughshod;25;
13;1979;drama;drama;;Kramer vs Kramer;39;
14;1985;action-crime;action;crime;Silverado;57;
15;2001;action-western;action;western;American Outlaws;50;
16;1972;drama;drama;;The Day the Clown Cried;71;
17;2011;crime-drama;crime;drama;Drive;29;
18;1999;mystery-thriller;mystery;thriller;8MM;30;
19;1990;biography-drama;biography;drama;Awakenings;93;
20;1983;action-adventure;action;adventure;Star Wars Episode VI - Return of the Jedi;56;
21;1985;crime-drama;crime;drama;Witness;40;
22;1998;crime-drama;crime;drama;Croupier;41;
23;1998;biography-drama;biography;drama;Gods and Monsters;36;
24;2017;biography-comedy;biography;comedy;Battle of the Sexes;86;
25;2004;drama;drama;;The Woodsman;25;
26;1996;action-adventure;action;adventure;The Postman;62;
27;1967;crime-drama;crime;drama;Cool Hand Luke;46;
28;1988;drama-history;drama;history;Beloved;53;
29;1995;drama;drama;;Kids;43;
30;2009;drama;drama;;Precious;38;
31;2002;action-horror;action;horror;Blade II;28;
32;2004;action-adventure;action;adventure;Hellboy;51;
33;1997;action-crime;action;crime;Breakdown;28;
34;1997;adventure-comedy;adventure;comedy;Men In Black;53;
35;2011;comedy-drama;comedy;drama;The Descendants;38;
36;1992;crime- drama;crime;drama;Reservoir Dogs;34;
37;1951;drama-sci-fi;drama;sci-fi;The Day the Earth Stood Still;50;
38;2002;action-drama;action;drama;Collateral Damage;52;
39;1993;action-adventure;action;adventure;Cliffhanger;26;
40;2007;adventure- comedy;adventure;comedy;Wild Hogs;54;
41;2003;comedy-crime;comedy;crime;Bad Santa;85;
42;2007;crime-drama;crime;drama;Honeydripper;45;
43;2007;comedy-drama;comedy;drama;Juno;40;
44;1997;crime-drama;crime;drama;U Turn;23;
45;2002;comedy-drama;comedy;drama;Simone;63;
46;2017;musical-fantasy;musical;fantasy;Beauty and the Beast;53;
47;1995;action-crime;action;crime;Assassins;19;
48;1980;comedy;comedy;;AIRPLANE!;71;
49;1984;action-adventure;action;adventure;Indiana Jones And The Temple Of Doom;28;
50;2011;drama-thriller;drama;thriller;Anonymous;61;
51;2003;action-comedy;action;comedy;Crime Spree;48;
52;2007;drama-fantasy;drama;fantasy;Nines;37;
53;1989;adventure-drama;adventure;drama;The Abyss;41;
54;2000;comedy-drama;comedy;drama;State And Main;85;
55;1976;biography-drama;biography;drama;All the Presidents Men;77;
56;1993;biography-drama;biography;drama;SCHINDLER'S LIST;69;
57;2003;comedy-crime;comedy;crime;Malibu's Most Wanted;49;
58;1954;comedy-musical;comedy;musical;White Christmas;41;
59;1997;action-crime;action;crime;Face Off;54;
60;1989;comedy-drama;comedy;drama;Dead-Poets Society;49;
61;2004;drama-mystery;drama;mystery;Manchurian candidate;45;
62;1983; crime-mystery;crime;mystery;White Jazz;47;
63;2005;drama-thriller;drama;thriller;Two For The Money;60;
64;2003;horror-mystery;horror;mystery;Gothika;33;
65;1949;drama;drama;;Playback;77;
66;2004;sci-fi-thriller;sci-fi;thriller;The Butterfly Effect;41;
67;2013;biography-crime;biography;crime;Bling Ring;44;
68;1987;comedy-horror;comedy;horror;Evil Dead II Dead by Dawn;19;
69;1999;drama-romance;drama;romance;Cruel Intentions;23;
70;2004;action-adventure;action;adventure;I robot;40;
71;2009;action-adventure;action;adventure;Terminator Salvation;37;
72;2013;crime-drama;crime;drama;American Hustle;50;
73;2000;crime-drama;crime;drama;Frequency;51;
74;1944;drama;drama;;The curse of the cat people;24;
75;2010; biography-drama; drama;biography;Social Network;154;
76;1958;mystery-romance;mystery;romance;Vertigo;32;
77;1988;adventure-drama;adventure;drama;The big blue;60;
78;2009;drama-fantasy;drama;fantasy;The Box;50;
79;1954;comedy-musical;comedy;musical;White Christmas;41;
80;1964;comedy-musical;comedy;musical;A Hard Day's Night;53;
81;2011;comedy-romance;comedy;romance;Bridesmaids;75;
82;2000;biography-drama;biography;drama;Quills;92;
83;2012;drama;drama;;Candle to Water;40;
84;2001;comedy-crime;comedy;crime;Made;37;
85;1996;comedy-drama;comedy;drama;Jerry Maguire;80;
86;2009;comedy-drama;comedy;drama;17 Again;59;
87;1949;drama;drama;;Blue Hotel;32;
88;2006;drama;drama;;Babel;76;
89;2013;animation-adventure;animation;adventure;Frozen;56;
90;1998;comedy-crime;comedy;crime;Very Bad Things;44;
91;1995;crime-drama;crime;drama;Heat;77;
92;2010;action-fantasy;action;fantasy;Legion;48;
93;2006;drama-mystery;drama;mystery;Disturbia;20;
94;1955;crime-drama;crime;drama;The Night Of The Hunter;55;
95;2003;crime-drama;crime;drama;The Life of David Gale;53;
96;1992;drama-sport;drama;sport;The Power of One;54;
97;1987;comedy-drama;comedy;drama;Tin Men;38;
98;2009;adventure-drama;adventure;drama;Twilight New Moon;45;
99;1993;comedy-drama;comedy;drama;The Sandlot;35;
100;1997;action-drama;action;drama;Air Force One;85;
101;2000;action-crime;action;crime;The Crow Salvation;33;
102;1986;drama-war;drama;war;Platoon;47;
103;2008;biography-comedy;biography;comedy;How to Lose Friends & Alienate People;57;
104;2009;biography-drama;biography;drama;Invictus;77;
105;1998;comedy-crime;comedy;crime;Very Bad Things 2;44;
106;1989;comedy-sport;comedy;sport;Major League;64;
107;1946;drama-fantasy;drama;fantasy;It's a Wonderful Life;91;
108;1998;comedy-drama;comedy;drama;The Truman Show;62;
109;1999;action-adventure;action;adventure;Three Kings;44;
110;2003;action-crime;action;crime;Basic Script;25;
111;1969;drama;drama;;Midnight Cowboy;47;
112;2004;drama-romance;drama;romance;Eternal Sunshine of the Spotless Mind;39;
113;2005;action-biography;action;biography;Domino;68;
114;2013;action-biography;action;biography;Rush;54;
115;2000;horror-sci-fi;horror;sci-fi;Pitch Black;16;
116;1998;animation-adventure;animation;adventure;Antz;45;
117;2008;action-crime;action;crime;RocknRolla;42;
118;1981;action-adventure;action;adventure;Indiana Jones and the Raiders of the Lost Ark;35;
119;1993;crime-drama;crime;drama;A Perfect World;60;
120;2004;crime-horror;crime;horror;Saw;23;
121;1956;drama-thriller;drama;thriller;The Man Who Knew Too Much;58;
122;1999;action-romance;action;romance;Entrapment;70;
123;2011;mystery- romance;mystery;romance;Source Code;37;
124;1990;action-crime;action;crime;Hard to Kill;46;
125;1998;drama-horror;drama;horror;Sphere;20;
126;2003;adventure-drama;adventure;drama;Big Fish;50;
127;2016;action-adventure;action;adventure;Deadpool;53;
128;2000;comedy-fantasy;comedy;fantasy;Little Nicky;70;
129;1940;drama-history;drama;history;The Grapes of Wrath;76;
130;1993;comedy-drama;comedy;drama;Six Degrees of Separation;88;
131;2003;action-sci-fi;action;sci-fi;The Matrix Reloaded;54;
132;1993;action-adventure;action;adventure;Mighty Morphin Power Rangers;37;
133;1931;comedy-romance;comedy;romance;Platinum Blonde;32;
134;2010;action-comedy;action;comedy;The Bounty Hunter;53;
135;1997;biography-drama;biography;drama;Kundun;67;
136;2002;drama- mystery;drama;mystery;Insomnia;43;
137;1999;animation-comedy;animation;comedy;South Park;91;
138;2000;drama-history;drama;history;Thirteen Days;79;
139;1977;action-adventure;action;adventure;Star Wars A New Hope;67;
140;2000;action-adventure;action;adventure;Charlie's Angels;44;
141;2005;crime-drama;crime;drama;Wild Things Diamonds in the Rough;46;
142;2001;comedy-crime;comedy;crime;Sugar and Spice;50;
143;1963;comedy-mystery;comedy;mystery;Charade;41;
144;1998;action-drama;action;drama;Soldier;74;
145;2011;comedy-crime;comedy;crime;Horrible Bosses;65;
146;2009;action-drama;action;drama;Whiteout;38;
147;1939;comedy-drama;comedy;drama;Mr Smith Goes To Washington;120;
148;2000;drama-mystery;drama;mystery;Unbreakable;54;
149;1981;comedy-horror;comedy;horror;An American Werewolf In London;38;
150;1982;drama;drama;;The Verdict;56;
151;1999;biography-drama;biography;drama;Insider;64;
152;2014;comedy;comedy;;Authors Anonymous;17;
153;2012;action-thriller;action;thriller;The Dark Knight Rises;101;
154;1987;horror-thriller;horror;thriller;Hellraiser;20;
155;2004;crime-drama;crime;drama;Collateral;37;
156;2002;action-adventure;action;adventure;xXx;28;
157;1973;crime-drama;crime;drama;Mean streets;39;
158;2011;comedy-drama;comedy;drama;  Crazy Stupid Love;65; 
159;2001;crime-drama;crime;drama;The Man Who Wasn't There;68;
160;1997;biography-crime;biography;crime;Donnie Brasco;70;
161;2010;action-adventure;action;adventure;The Book of Eli;41;
162;1998;action-crime;action;crime;Enemy of the State;78;
163;1959;comedy-romance;comedy;romance;Some Like It Hot;48;
164;1932;drama;drama;;American Madness;63;
165;2009;action-crime;action;crime;Boondock Saints 2 All Saints;85;
166;2008;comedy-romance;comedy;romance;Yes Man;87;
167;1999;horror-sci-fi;horror;sci-fi;The Rage Carrie 2;95;
168;2000;comedy-drama;comedy;drama;High Fidelity;49;
169;1962;crime-drama;crime;drama;To Kill a Mockingbird;40;
170;2002;comedy-drama;comedy;drama;Punch Drunk Love;47;
171;1981;crime-drama;crime;drama;BodyHeat;28;
172;2011;comedy;comedy;;Cedar Rapids;46;
173;2007;comedy;comedy;;Death at a Funeral;37;
174;2005;comedy;comedy;;Dave Barry's Complete Guide to Guys;71;
175;1990;crime-drama;crime;drama;Millers Crossing;45;
176;1990;crime-drama;crime;drama;Millers Crossing;0;
177;2011;comedy;comedy;;Bad Teacher;56;
178;2001;animation-comedy;animation;comedy;Monkeybone;78;
179;2016;biography- drama;biography;drama;Birth of  a Nation;51;
180;2008;drama-fantasy;drama;fantasy;The Curious Case of Benjamin Button;49;
181;1988;comedy-fantasy;comedy;fantasy;Beetlejuice;44;
182;2004;crime-horror;crime;horror;Suspect Zero;38;
183;1998;comedy-romance;comedy;romance;There's Something About Mary;42;
184;2008;drama-thriller;drama;thriller;Valkyrie;45;
185;1994;biography-comedy;biography;comedy;Ed Wood;83;
186;1999;comedy-romance;comedy;romance;Drop Dead Gorgeous;85;
187;2015;biography-drama;biography;drama;The Big Short;107;
188;1980;biography-drama;biography;drama;Raging Bull;52;
189;2001;biography-drama;biography;drama;Ali;50;
190;2010;action-crime;action;crime;The Next Three Days;58;
191;2014;comedy-drama;comedy;drama;Dear White People;30;
192;2002;crime-drama;crime;drama;The Salton Sea;36;
193;1993;drama-horror;drama;horror;Mary Shelley's Frankenstein;72;
194;1943;drama-romance;drama;romance;The Life and Death of Colonel Blimp;56;
195;2012;comedy-drama;comedy;drama;Celeste and Jesse Forever;33;
196;1996;drama;drama;;Sling Blade;36;
197;2010;drama-romance;drama;romance;Remember Me;44;
198;1993;comedy-drama;comedy;drama;Even Cowgirls Get The Blues;97;
199;2001;comedy-drama;comedy;drama;Human Nature;29;
200;1976;drama-sport;drama;sport;Rocky;66;
201;1992;drama-thriller;drama;thriller;A Few Good Men;48;
202;1960;comedy-drama;comedy;drama;The Apartment;44;
203;1986;comedy;comedy;;Ferris Bueller's Day Off;61;
204;2007;biography-crime;biography;crime;American Gangster;76;
205;2011;drama-mystery;drama;mystery;Tinker Tailor Soldier Spy;49;
206;1979;comedy-drama;comedy;drama;Breaking Away;94;
207;2002;action-adventure;action;adventure;Time Machine;29;
208;2000;comedy-drama;comedy;drama;Adaptation;47;
209;1994;comedy;comedy;;Clerks;71;
210;1936;comedy-drama;comedy;drama;Mr. Dees goes to town;86;
211;2000;horror-mystery;horror;mystery;Cherry Falls;26;
212;1995;crime-drama;crime;drama;Casino;128;
213;1999;crime-drama;crime;drama;The Green Mile;64;
214;1971;action-crime;action;crime;The French Connection;50;
215;1990;crime-drama;crime;drama;Misery;21;
216;2000;drama-fantasy;drama;fantasy;What Lies Beneath;38;
217;1976;horror;horror;;Carrie;32;
218;2005;mystery-thriller;mystery;thriller;Flightplan;36;
219;2012;action-adventure;action;adventure;The Avengers;55;
220;1990;action-sci-fi;action;sci-fi;Total Recall;53;
221;2011;action-fantasy;action;fantasy;Drive Angry;52;
222;2009;comedy-crime;comedy;crime;Extract;47;
223;1999;horror-sci-fi;horror;sci-fi;eXistenZ;31;
224;1996;drama;drama;;Crash;20;
225;2008;comedy-drama;comedy;drama;Sunshine Cleaning;39;
226;1992;action-drama;action;drama;Bodyguard;56;
227;1999;biography-drama;biography;drama;RKO 281;50;
228;1983;drama;drama;;The Ploughman's Lunch;54;
229;1993;action-drama;action;drama;The Program;76;
230;2009;drama-romance;drama;romance;Obsessed;46;
231;2000;action-adventure;action;adventure;Reindeer Games;88;
232;1999;drama;drama;;Magnolia;118;
233;2014;action-crime;action;crime;Bad Country;62;
234;2000;adventure-comedy;adventure;comedy; O Brother  Where Art Thou  ;50;
235;2012;biography-drama;biography;drama;Lincoln;122;
236;1999;drama-music;drama;music;Music of the Heart;70;
237;1981;action-adventure;action;adventure;Dragonslayer;23;
238;2000;biography-drama;biography;drama;Erin Brockovich;56;
239;1984;horror;horror;;A Nightmare on Elm Street;51;
240;1997;drama-thriller;drama;thriller;187;57;
241;1992;action-drama;action;drama;Bodyguard;57;
242;2004;crime-drama;crime;drama;Taking Lives;34;
243;1989;action-adventure;action;adventure;Indiana Jones And The Last Crusade;40;
244;2005;action-crime;action;crime;Chaos;40;
245;1997;action-comedy;action;comedy;Grosse Pointe Blank;64;
246;2008;biography-drama;biography;drama;The Other Boleyn Girl;49;
247;1999;comedy-crime;comedy;crime;Analyze This;49;
248;2004;adventure-fantasy;adventure;fantasy;Harry Potter and the Prisoner of Azkaban;49;
249;2011;drama-sci-fi;drama;sci-fi;Donnie Darko;66;
250;2007;action-sci-fi;action;sci-fi;Next;38;
251;2001;action-crime;action;crime;Swordfish;38;
252;1981;action-crime;action;crime;Thief;38;
253;1987;comedy-drama;comedy;drama;Hope And Glory;52;
254;2003;adventure-comedy;adventure;comedy;Grand Theft Parsons;36;
255;1990;biography-crime;biography;crime;Good Fellas;69;
256;1992;action-adventure;action;adventure;The Last Of The Mohicans;42;
257;1991;crime-drama;crime;drama;Mobsters;80;
258;2011;comedy-drama;comedy;drama;Larry Crowne;68;
259;1992;crime-mystery;crime;mystery;Thunderheart;52;
260;2007;comedy;comedy;;Superbad;46;
261;1995;action-comedy;action;comedy;Bad Boys;48;
262;2009;action-crime;action;crime;Ninja Assassin;39;
263;1984;biography-drama;biography;drama;Amadeus;68;
264;1996;action-crime;action;crime;The Long Kiss Goodnight;89;
265;2006;action-adventure;action;adventure;Pirates of the Caribbean Dead;53;
266;2009;action-adventure;action;adventure;2012;102;
267;1985;action-adventure;action;adventure;Commando;82;
268;1988;comedy;comedy;;Heathers;48;
269;2011;comedy-drama;comedy;drama;50-50;53;
270;2005;adventure-comedy;adventure;comedy;The Hitchhiker's Guide to the Galaxy;83;
271;2012;animation-adventure;animation;adventure;Rise of the Guardians;44;
272;1985;comedy-crime;comedy;crime;Fletch;54;
273;1941;drama-mystery;drama;mystery;Citizen Kane;69;
274;2000;comedy-crime;comedy;crime;Nurse Betty;95;
275;1991;action-crime;action;crime;Backdraft;67;
276;1996;drama;drama;;Trainspotting;29;
277;2003;horror;horror;;House Of 1000 Corpses;45;
278;1987;action-sci-fi;action;sci-fi;Predator;20;
279;2000;adventure-drama;adventure;drama;Quantum Project;22;
280;1997;action-comedy;action;comedy;Metro;59;
281;1998;drama-romance;drama;romance;The Horse Whisperer;66;
282;1997;action-drama;action;drama;G.I. Jane;55;
283;2009;action-adventure;action;adventure;Star Trek;91;
284;2001;comedy-romance;comedy;romance;Legally Blonde;65;
285;2001;drama-romance;drama;romance;The Majestic;83;
286;2001;drama;drama;;Life as a House;31;
287;1983;action-adventure;action;adventure;Krull;35;
288;1980;drama-horror;drama;horror;Shining;36;
289;1986;action-adventure;action;adventure;Aliens;50;
290;1998;action-sci-fi;action;sci-fi;Godzilla;75;
291;1996;action-adventure;action;adventure;Mission Impossible;44;
292;2006;action-crime;action;crime;Smokin' Aces;93;
293;2006;comedy-horror;comedy;horror;Slither;32;
294;1992;crime-drama;crime;drama;Reservoir Dogs;34;
295;1991;crime-drama;crime;drama;The Silence of the Lambs;52;
296;1986;comedy-drama;comedy;drama;Hannah and Her Sisters;48;
297;1997;comedy-drama;comedy;drama;Chasing Amy;39;
298;1999;drama-mystery;drama;mystery;Snow Falling On Cedars;58;
299;2015;biography- comedy;biography;comedy;Danny Collins;31;
300;2011;drama;drama;;Shipping News;35;
301;2008;horror-mystery;horror;mystery;Mirrors;26;
302;1993;drama-music;drama;music;The Piano;41;
303;2017;comedy-drama;comedy;drama;Brads-Status;31;
304;1950;drama-film-noir;drama;film;Sunset Boulevard;36;
305;1995;drama;drama;;Panther;93;
306;1982;drama-romance;drama;romance;An Officer And A Gentleman;33;
307;1982;sci-fi-thriller;sci-fi;thriller;Blade Runner;35;
308;2008;crime-drama;crime;drama;While She Was Out;27;
309;1994;biography-drama;biography;drama;Cobb;49;
310;1977;action-comedy;action;comedy;Smokey And The Bandit;46;
311;2010;action-adventure;action;adventure;Tron Legacy;38;
312;1990;action-thriller;action;thriller;Die Hard 2;106;
313;1999;comedy-drama;comedy;drama;Mumford;40;
314;2010;drama-thriller;drama;thriller;Frozen;12;
315;2003;comedy;comedy;;Hebrew Hamme;68;
316;2011;comedy-drama;comedy;drama;Something Borrowed;20;
317;2001;comedy-crime;comedy;crime;Birthday Girl;26;
318;1988;horror-thriller;horror;thriller;Hellbound Hellraiser II;22;
319;1997;action-adventure;action;adventure;Tomorrow Never Dies;93;
320;1998;crime-drama;crime;drama;Apt Pupil;26;
321;1989;action-adventure;action;adventure;Batman;82;
322;1998;mystery-sci-fi;mystery;sci-fi;Dark City;52;
323;2002;biography-drama;biography;drama;The Pianist;68;
324;2009;comedy-horror;comedy;horror;Jennifer's Body;53;
325;2001;action-horror;action;horror;Jason X;41;
326;1999;drama;drama;;Fight Club;64;
327;1997;drama-romance;drama;romance;Inventing the Abbotts;23;
328;2008;action-comedy;action;comedy;Pineapple Express;78;
329;2017;animation-adventure;animation;adventure;Coco;66;
330;1986;action-adventure;action;adventure;Highlander;70;
331;2006;crime-drama;crime;drama;Jimmy and Judy;31;
332;1979;drama-war;drama;war;Apocalypse Now;65;
333;2002;horror;horror;;Ghost Ship;22;
334;1991;action-adventure;action;adventure;Hudson Hawk;37;
335;1992;drama-horror;drama;horror;Twin Peaks;81;
336;2013;biography-drama;biography;drama;Fruitvale Station;58;
337;1995;crime-drama;crime;drama;Seven;54;
338;1987;comedy-drama;comedy;drama;Moonstruck;53;
339;1995;comedy;comedy;;Four Rooms;30;
340;2001;action-crime;action;crime;Ticker;39;
341;1979;drama-thriller;drama;thriller;Hardcore;60;
342;2012;drama;drama;;Mud;27;
343;1976;crime-drama;crime;drama;Taxi Driver;58;
344;1978;biography-crime;biography;crime;Midnight Express;92;
345;2001;comedy-fantasy;comedy;fantasy;Kate & Leopold;67;
346;1974;comedy-sci-fi;comedy;sci-fi;Dark Star;20;
347;1975;adventure-drama;adventure;drama;Jaws;72;
348;1988;comedy-romance;comedy;romance;Bull Durham;52;
349;1992;action-crime;action;crime;Batman Returns;69;
350;1999;crime-drama;crime;drama;The Talented Mr Ripley;30;
351;2010;comedy-crime;comedy;crime;Date Night;94;
352;2011;mystery-sci-fi;mystery;sci-fi;Limitless;61;
353;2002;drama-romance;drama;romance;A Walk to Remember;21;
354;2007;biography-drama;biography;drama;Elizabeth The Golden Age;64;
355;2016;comedy-drama;comedy;drama;Captain-Fantastic;24;
356;2014;drama;drama;;99 Homes;47;
357;1993;drama;drama;;Philadelphia;117;
358;2007;action-mystery;action;mystery;The Bourne Ultimatum;51;
359;1987;adventure-fantasy;adventure;fantasy;The Princess Bride;24;
360;2005;action-comedy;action;comedy;Feast;60;
361;1992;comedy-drama;comedy;drama;Hero;98;
362;2004;action-drama;action;drama;Man On Fire;42;
363;2009;comedy-drama;comedy;drama;He's Just Not That Into You;84;
364;1992;biography;biography;;Malcolm X;111;
365;1994;crime-drama;crime;drama;Pulp Fiction;53;
366;2008;crime-drama;crime;drama;No Country For Old Men;53;
367;1939;comedy-romance;comedy;romance;Ninotchka;53;
368;2001;drama;drama;;The Believer Script;62;
369;1986;drama-mystery;drama;mystery;Blue Velvet;64;
370;2002;comedy-horror;comedy;horror;Slash;51;
371;1997;action-crime;action;crime;The Assignment;66;
372;2002;drama-fantasy;drama;fantasy;Queen of the Damned;42;
373;2008;drama-sport;drama;sport;The  Wrestler;73;
374;1999;action-adventure;action;adventure;The World is not Enough;31;
375;1991;drama-history;drama;history;JFK;166;
376;1985;adventure- sci-fi; adventure;sci-fi; Spider-Man;78;
377;2004;comedy-drama;comedy;drama;Sideways;51;
378;1993;drama;drama;;  Rest & Motion Bodies;23;
379;1999;action-comedy;action;comedy;Mystery Men;82;
380;1999;horror-mystery;horror;mystery;House on Haunted Hill;24;
381;1973;crime-drama;crime;drama;Badlands;28;
382;1996;horror-mystery;horror;mystery;Scream;66;
383;2005;biography-drama;biography;drama;Warm Springs;72;
384;1999;action-adventure;action;adventure;Mummy;55;
385;2006;action-crime;action;crime;Crank;84;
386;1992;comedy-crime;comedy;crime;The Distinguished Gentleman;68;
387;1991;comedy-drama;comedy;drama;The Fisher King;53;
388;2002;horror-mystery;horror;mystery;Below;32;
389;1995;biography-drama;biography;drama;Braveheart;70;
390;2002;drama-mystery;drama;mystery;Solaris;10;
391;1993;action-biography;action;biography;Tombstone;58;
392;2002;comedy-crime;comedy;crime;Death to Smoochy;52;
393;1992;action-comedy;action;comedy;Buffy the Vampire Slayer script by Joss Whedon;44;
394;1994;comedy-crime;comedy;crime;Serial Mom;77;
395;1993;crime-drama;crime;drama;Kalifornia;53;
396;1999;comedy;comedy;;American Pie;42;
397;2001;action-crime;action;crime;Antitrust;71;
398;1935;comedy-crime;comedy;crime;The Thin Man;62;
399;2005;action-adventure;action;adventure;The Island;44;
400;2007;horror-thriller;horror;thriller;Timber Falls;12;
401;1999;drama-mystery;drama;mystery;The Sixth Sense;52;
402;1991;comedy-fantasy;comedy;fantasy;The Addams Family;18;
403;1999;fantasy-horror;fantasy;horror;Sleepy Hollow;33;
404;1998;crime-drama;crime;drama;Out Of Sight;45;
405;1994;comedy-drama;comedy;drama;Being Human;68;
406;2010;action-adventure;action;adventure;The Tourist;34;
407;2001;comedy-drama;comedy;drama;Ghost World;98;
408;2008;action-crime;action;crime;Max Payne;61;
409;1982;comedy-sci-fi;comedy;sci-fi;Airplane 2 The Sequel;114;
410;1975;horror-sci-fi;horror;sci-fi;Shivers;35;
411;1979;horror-sci-fi;horror;sci-fi;Alien;10;
412;1948;action-mystery;action;mystery;Station West;40;
413;2002;crime-drama;crime;drama;Panic Room;13;
414;1989;drama-thriller;drama;thriller;Dry White Season;76;
415;1999;drama-thriller;drama;thriller;Bringing Out the Dead;48;
416;2009;comedy-drama;comedy;drama;500 Days;33;
417;1949;drama-film-noir;drama;film;All the King's Men;53;
418;1997;horror-sci-fi;horror;sci-fi;Event Horizon;35;
419;2010;action-adventure;action;adventure;Clash of the Titans;75;
420;2012;animation-comedy;animation;comedy;Frankenweenie;25;
421;2000;horror-sci-fi;horror;sci-fi;Pitch Black;15;
422;1992;crime-drama;crime;drama;Bad Lieutenant;55;
423;1984;action-sci-fi;action;sci-fi;Terminator;56;
424;2016;comedy-drama;comedy;drama;20th Century Woman;41;
425;2006;action-crime;action;crime;Miami vice;38;
426;1999;action-comedy;action;comedy;Wild Wild West;35;
427;2011;drama-thriller;drama;thriller;Take Shelter;30;
428;2005;action-adventure;action;adventure;Fantastic Four;55;
429;2002;action-comedy;action;comedy;Eight Legged Freaks;29;
430;2009;drama-mystery;drama;mystery;Moon;12;
431;1998;action- adventure;action;adventure;Deep Rising;52;
432;1982;biography-  drama;biography;drama;Gandhi;126;
433;1994;comedy-drama;comedy;drama;Fear & Loathing in Las Vegas;49;
434;1997;mystery-thriller;mystery;thriller;Lost Highway;75;
435;1948;comedy-romance;comedy;romance;Mr Blandings Builds His Dream House;54;
436;1945;drama-horror;drama;horror;Isle of the dead;12;
437;2005;comedy-crime;comedy;crime;Little Athens;57;
438;1943;horror-thriller;horror;thriller;The leopard man;50;
439;1971;comedy-drama;comedy;drama;Happy Birthday   Wanda June ;13;
440;2010;action-biography;action;biography;Whistleblower;83;
441;2011;action-adventure;action;adventure;I Am Number Four;52;
442;2009;crime-drama;crime;drama;Law Abiding Citizen;65;
443;2005;drama;drama;;12 and Holding;33;
444;1972;comedy-drama;comedy;drama;MASH;65;
445;2011;drama-thriller;drama;thriller;The Ides of March;37;
446;1996;drama-romance;drama;romance;The Enlish Patient;42;
447;1998;animation-adventure;animation;adventure;Who Framed Roger Rabbit?;55;
448;1954;mystery-thriller;mystery;thriller;Rear Window;20;
449;2011;fantasy-horror;fantasy;horror;Red Riding Hood;38;
450;1998;crime-drama;crime;drama;Wild Things;36;
451;1991;drama-mystery;drama;mystery;Kafka;41;
452;1998;drama-history;drama;history;Beloved;53;
453;1975;biography-crime;biography;crime;Dog Day Afternoon;79;
454;1997;drama;drama;;Good Will Hunting;44;
455;1945;horror-thriller;horror;thriller;The Body Snatcher;20;
456;1984;romance-sci-fi;romance;sci-fi;Starman;56;
457;1991;action-comedy;action;comedy;The Last Boy Scout;61;
458;2016;comedy-romance;comedy;romance;Bridget Joness Baby;97;
459;1982;action-adventure;action;adventure;Tron;50;
460;1994;comedy-drama;comedy;drama;The Hudsucker Proxy;111;
461;2005;action-horror;action;horror;Alone in the dark;27;
462;1993;biography-drama;biography;drama;This Boy's Life;36;
463;1989;comedy-adventure;comedy;adventure;Erik The Viking;48;
464;1996;adventure-drama;adventure;drama;White Squall;48;
465;2004;drama-mystery;drama;mystery;The Village;41;
466;2000;action-adventure;action;adventure; Hidden Dragon Crouching Tiger;39;
467;1979;action-crime;action;crime;Star Trek The Motion Picture;34;
468;1996;crime-drama;crime;drama;Fargo;96;
469;1997;horror-mystery;horror;mystery;The Relic;52;
470;1997;drama-mystery;drama;mystery;Affliction;37;
471;2012;comedy-drama;comedy;drama;Silver Linings Playbook;55;
472;2006;comedy-horror;comedy;horror;Slither  2;35;
473;1992;crime-drama;crime;drama;Jennifer Eight;48;
474;1999;comedy-music;comedy;music;Detroit Rock City;87;
475;1996;comedy-drama;comedy;drama;Tin Cup;44;
476;1999;comedy-crime;comedy;crime;Life;57;
477;2000;comedy-drama;comedy;drama;Wonder Boys;47;
478;1992;crime-drama;crime;drama;Glengarry Glen Ross;8;
479;2002;comedy-crime;comedy;crime;Analyze That;57;
480;1997;action-crime;action;crime;Absolute Power;33;
481;1996;adventure-drama;adventure;drama;The Ghost and the Darkness;27;
482;1991;action-adventure;action;adventure;Robin Hood Prince of Thieves;54;
483;2017;comedy-drama;comedy;drama;Big Sick;37;
484;2004;action-crime;action;crime;Cellular;74;
485;2000;comedy;comedy;;Next Friday;26;
486;1995;action-crime;action;crime;Strange Days;51;
487;1999;action-crime;action;crime;The Boondock Saints;61;
488;2005;comedy-drama;comedy;drama;Game 6;55;
489;1969;action-comedy;action;comedy;The Italian Job;48;
490;2009;biography-comedy;biography;comedy;I Love You Phillip Morris;80;
491;2006;comedy-romance;comedy;romance;Boy Who Never Slept;23;
492;2009;comedy-drama;comedy;drama;Youth in Revolt;53;
493;1941;drama-comedy;drama;comedy;Meet John Doe;86;
494;2001;comedy;comedy;;Happy Campers;32;
495;1998;action-adventure;action;adventure;Ronin;26;
496;1974;drama-mystery;drama;mystery;Chinatown;64;
497;2004;action-mystery;action;mystery;Bourne Supremacy;52;
498;1990;action-adventure;action;adventure;The Adventures of Ford Fairlane;68;
499;2000;crime-drama;crime;drama;Traffic;109;
500;1976;action-sci-fi;action;sci-fi;Logans Run;36;
501;1937;adventure-drama;adventure;drama;Lost Horizon;37;
502;1960;drama-mystery;drama;mystery;L'Avventura;42;
503;1999;fantasy-horror;fantasy;horror;The Haunting;23;
504;2015;action-adventure;action;adventure;Star War Episode VII - The Force Awakens;74;
505;2001;crime-drama;crime;drama;In the Bedroom;81;
506;2000;adventure-fantasy;adventure;fantasy;Book of Shadows Blair Witch 2;49;
507;2000;action-adventure;action;adventure;Mission Impossible II;29;
508;1991;action-sci-fi;action;sci-fi;Terminator 2 Judgement Day;42;
509;1999;comedy-drama;comedy;drama;10 Things I Hate About You;34;
510;1953;comedy-drama;comedy;drama;Stalag 17;44;
511;1997;comedy-fantasy;comedy;fantasy;An American Werewolf In Paris;58;
512;2011;mystery-sci-fi;mystery;sci-fi;Super 8;73;
513;2013;biography-drama;biography;drama;Dallas Buyers Club;38;
514;1992;crime-drama;crime;drama;The Crying Game;14;
515;1993;comedy-crime;comedy;crime;Fatal Instinct;72;
516;1989;thriller;thriller;;Hider in the House;27;
517;2011;drama-thriller;drama;thriller;Margin Call;28;
518;2003;action-crime;action;crime;Cradle 2 the Grave;42;
519;2003;comedy-crime;comedy;crime;New York Minute;59;
520;1978;horror-thriller;horror;thriller;Halloween;34;
521;1997;crime-drama;crime;drama;L.A. Confidential;62;
522;2005;comedy-drama;comedy;drama;Crazylove;62;
523;1967;comedy;comedy;;The Producer;47;
524;2001;comedy;comedy;;Scary Movie;45;
525;1981;horror;horror;;The Evil Dead Script;7;
526;2002;drama-mystery;drama;mystery;Signs;37;
527;1993;drama-music;drama;music;The Piano;42;
528;1997;action-mystery;action;mystery;Conspiracy Theory;42;
529;2009;comedy-fantasy;comedy;fantasy;The Invention of Lying;67;
530;1996;comedy-crime;comedy;crime;Bottle Rocket;46;
531;1996;action-crime;action;crime;From Dusk Till Dawn;51;
532;1997;crime-drama;crime;drama;Jackie Brown;46;
533;2002;action-mystery;action;mystery;The Bourne Identity;52;
534;1999;crime-drama;crime;drama;The Limey;28;
535;2005;action-comedy;action;comedy;The Pacifier;83;
536;1955;drama;drama;;Rebel Without A Cause;42;
537;1999;action-comedy;action;comedy;Lake Placid;21;
538;1993;action-crime;action;crime;Demolition Man;57;
539;1997;horror-sci-fi;horror;sci-fi;Mimic;34;
540;2009;comedy;comedy;;The Hangover;84;
541;2003;action-crime;action;crime;Kill Bill;88;
542;1997;drama-mystery;drama;mystery;Devil's Advocate;51;
543;1992;comedy-crime;comedy;crime;Sister Act;44;
544;1995;crime-drama;crime;drama;Devil in a Blue Dress;45;
545;2010;comedy-drama;comedy;drama;Easy A;59;
546;1995;crime-mystery;crime;mystery;The Usual Suspects;33;
547;1978;adventure-drama;adventure;drama;Jaws 2;65;
548;1982;comedy-drama;comedy;drama;Fast Times At Ridgemont High;64;
549;2005;horror-mystery;horror;mystery;Hellraiser Deader;31;
550;1943;drama-horror;drama;horror;Seventh Victim;50;
551;1993;animation-fantasy;animation;fantasy;The Nightmare Before Christmas;94;
552;1955;drama-romance;drama;romance;Marty;36;
553;2001;crime-drama;crime;drama;Hannibal;64;
554;2003;comedy-crime;comedy;crime;Intolerable Cruelty;73;
555;2005;comedy-romance;comedy;romance;Zerophilia;39;
556;2001;comedy;comedy;;Jay and Silent Bob Strike Back;93;
557;1957;drama-film-noir;drama;film;Sweet Smell of Sucess;48;
558;2011;action-adventure;action;adventure;Conan the Barbarian;80;
559;1934;comedy-romance;comedy;romance;It Happened One Night;68;
560;1993;action-adventure;action;adventure;The Three Musketeers;46;
561;2001;drama-romance;drama;romance;Angel Eyes;41;
562;2005;drama-fantasy;drama;fantasy;The Jacket;50;
563;1994;crime-drama;crime;drama;Natural Born Killers;72;
564;2007;animation-action;animation;action;TMNT;40;
565;2001;drama-music;drama;music;Taking sides;32;
566;1997;drama-mystery;drama;mystery;The Game;66;
567;1998;short-comedy;comedy;short;The X-Files Fight the Future;34;
568;1990;comedy-crime;comedy;crime;Wild At Heart;53;
569;1995;comedy-crime;comedy;crime;Get Shorty;60;
570;1989;drama;drama;;Sex  Lies  and Videotape;15; 
571;2011;comedy-romance;comedy;romance;Arthur;54;
572;1932;drama-romance;drama;romance;Grand Hotel;63;
573;1994;comedy;comedy;;Dumb And Dumber;58;
574;1993;comedy-romance;comedy;romance;So I Married an Axe Murderer;93;
575;1984;crime-drama;crime;drama;Blood Simple;40;
576;1994;action-comedy;action;comedy;True Lies;52;
577;2006;crime-drama;crime;drama;The Black Dahlia;72;
578;1987;crime-drama;crime;drama;Someone To Watch Over Me;36;
579;1961;drama-sport;drama;sport;The Hustler;43;
580;2009;animation-adventure;animation;adventure;Fantastic Mr Fox;79;
581;2011;action-sci-fi;action;sci-fi;Cowboys & Aliens;76;
582;2010;drama-musical;drama;musical;Burlesque;68;
583;2014;action-biography;action;biography;America Sniper;71;
584;1998;biography-drama;biography;drama;Gods and Monsters;35;
585;1996;comedy-drama;comedy;drama;Jon Favreau's Swingers;27;
586;2010;comedy-drama;comedy;drama;Kids Are All Right;19;
587;1957;drama-fantasy;drama;fantasy;The Seventh Seal;23;
588;1992;comedy-romance;comedy;romance;Man Trouble;34;
589;1989;crime-drama;crime;drama;True Believer;73;
590;1997;drama-romance;drama;romance;Titanic;90;
591;2003;crime-thriller;crime;thriller;Confidence;43;
592;1995;action-crime;action;crime;Nick of Time;51;
593;1992;drama;drama;;City of Joy;64;
594;1988;action-crime;action;crime;Above the Law;63;
595;1992;horror;horror;;Hellraiser 3 Hell on Earth;38;
596;2003;action-comedy;action;comedy;Crime Spree;57;
597;2009;adventure-fantasy;adventure;fantasy;The Imaginarium of Doctor Parnassus;61;
598;1997;comedy-drama;comedy;drama;Wag the Dog;123;
599;1960;horror-mystery;horror;mystery;Psycho;30;
600;1993;comedy-drama;comedy;drama;Never Been Kissed;78;
601;2010;crime-drama;crime;drama;The American;22;
602;1933;comedy-musical;comedy;musical;Duck Soup;48;
603;2006;comedy;comedy;;The Surfer King;51;
604;2015;drama-romance;drama;romance;Brooklyn;43;
605;1940;comedy-drama;comedy;drama;His Girl Friday;57;
606;1992;drama-mystery;drama;mystery;Basic Instinct;35;
607;1993;comedy-sci-fi;comedy;sci-fi;Freaked;49;
608;1976;crime-drama;crime;drama;Taxi Driver;61;
609;1953;drama-romance;drama;romance;From Here to Eternity;63;
610;1980;biography-drama;biography;drama;Raging Bull;53;
611;2003;adventure-drama;adventure;drama;The Lord of the Rings The Return of the King;79;
612;2009;horror-mystery;horror;mystery;Case 39;58;
613;2010;comedy-drama;comedy;drama;Hesher;46;
614;2001;adventure-drama;adventure;drama;Lord of the Rings Fellowship of the Ring;33;
615;2012;drama-romance;drama;romance;Amour;15;
616;2005;drama-romance;drama;romance;Pride and Prejudice;58;
617;1980;comedy;comedy;;Airplane!;76;
618;2014;animation-adventure;animation;adventure;The Boxtrolls;56;
619;1987;action-crime;action;crime;Lethal Weapon;71;
620;2011;comedy-drama;comedy;drama;The Best Exotic Marigold Hotel;86;
621;2004;action-crime;action;crime;Spartan;77;
622;1999;crime-drama;crime;drama;The Talented Mr. Ripley;33;
623;1996;drama;drama;;Sling Blade;36;
624;2011;action-biography;action;biography;Machine Gun Preacher;101;
625;2003;action-adventure;action;adventure;Pirates of the Caribbean The curse of the black pearl;39;
626;2011;drama-romance;drama;romance;Jane Eyre;47;
627;2012;drama-sci-fi;drama;sci-fi;Chronicle;46;
628;1989;comedy-drama;comedy;drama;Do the right thing;60;
629;2015;drama-war;drama;war;Beasts of No Nation;48;
630;1987;adventure-family;adventure;family;The Princess Bride;43;
631;1975;comedy-drama;comedy;drama;Shampoo;53;
632;2012;drama-thriller;drama;thriller;Arbitrage;40;
633;1990;comedy-horro;comedy;horro;Tremors;70;
634;1980;drama-horror;drama;horror;The Shining;42;
635;1984;action-adventure;action;adventure;Dune;73;
636;2003;comedy;comedy;;Bruce Almighty;96;
637;1997;animation-adventure;animation;adventure;Anastasia;36;
638;2015;drama-romance;drama;romance;Carol;44;
639;1996;action-adventure;action;adventure;Star Trek First Contact;62;
640;1992;comedy-drama;comedy;drama;The Crying Game;14;
641;2010;drama-thriller;drama;thriller;The Debt;35;
642;1997;horror-mystery;horror;mystery;Scream 2;70;
643;2017;biography-drama;biography;drama;Darkest Hour;76;
644;2013;horror-mystery;horror;mystery;The Conjuring;41;
645;2010;comedy-drama;comedy;drama;Another Year;26;
646;2011;action-drama;action;drama;Rise of the Planet of the Apes;61;
647;2002;adventure-drama;adventure;drama;The Lord of the Rings Two Towers;45;
648;1995;crime-drama;crime;drama;Casino;107;
649;1993;comedy;comedy;;Dazed and confused;63;
650;2015;drama-sport;drama;sport;Creed;52;
651;2007;crime-drama;crime;drama;Fracture;64;
652;1995;comedy-drama;comedy;drama;The American President;62;
653;1998;action-adventure;action;adventure;Man in the Iron Mask;61;
654;1989;action-adventure;action;adventure;Indiana Jones and the Last Crusade;51;
655;2011;action-mystery;action;mystery;Unknown;51;
656;2009;animation-drama;animation;drama;Coraline;37;
657;2001;action-crime;action;crime;Heist;90;
658;2011;action-crime;action;crime;Colombiana;95;
659;1995;animation-adventure;animation;adventure;Toy Story;63;
660;2011;comedy-fantasy;comedy;fantasy;Midnight in Paris;37;
661;1991;comedy-drama;comedy;drama;Barton-Fink;54;
662;2010;drama-romance;drama;romance;Blue Valentine;26;
663;1998;action-adventure;action;adventure;Lost in Space;34;
664;1977;comedy-romance;comedy;romance;Annie Hall;60;
665;2009;mystery-thriller;mystery;thriller;Angels & Demons;52;
666;2003;comedy-drama;comedy;drama;Something's Gotta Give;47;
667;2011;crime-drama;crime;drama;The Lincoln Lawyer;76;
668;1995;crime-mystery;crime;mystery;The Usual Suspects;77;
669;2017;comedy-drama;comedy;drama;Brigsby Bear;40;
670;2009;biography-comedy;biography;comedy;The Informant!;82;
671;2011;comedy-fantasy;comedy;fantasy;The Change-Up;54;
672;1963;drama-horror;drama;horror;The Birds;32;
673;1999;comedy-romance;comedy;romance;Runaway Bride;7;
674;1990;crime-drama;crime;drama;The Godfather Part III;78;
675;2002;action-adventure;action;adventure;Minority Report;69;
676;2011;drama-romnace;drama;romnace;Water for Elephants;44;
677;2002;drama-mystery;drama;mystery;Solaris;7;
678;2002;biography-comedy;biography;comedy;Confessions of a Dangerous Mind;81;
679;1993;action-biography;action;biography;Tombstone;58;
680;2005;action-crime;action;crime;Hostage;57;
681;2011;comedy-horror;comedy;horror;Fright Night;82;
682;2017;drama-thriller;drama;thriller;The Beguiled;13;
683;1989;drama-family;drama;family;Field of Dreams;86;
684;1991;adventure-crime;adventure;crime;Thelma and Louise;32;
685;2015;biography-drama;biography;drama;The Danish Girl;34;
686;2015;action-crime;action;crime;Point Break;45;
687;1998;drama-fantasy;drama;fantasy;After Life;58;
688;1982;action-adventure;action;adventure;Star Trek II The Wrath of Khan;41;
689;2017;drama-romance;drama;romance;Call me by your name;18;
690;1975;biography-crime;biography;crime;Dog Day Afternoon;64;
691;2001;drama-romance;drama;romance;Majestic;76;
692;2011;comedy-romance;comedy;romance;Something Borrowed;22;
693;2000;comedy-drama;comedy;drama;State and Main;75;
694;2009;action-sci-fi;action;sci-fi;Surrogates;96;
695;2007;action-adventure;action;adventure;The Transformers;131;
696;2009;drama-musical;drama;musical;Nine;107;
697;2011;drama;drama;;Shame;43;
698;2013;action-adventure;action;adventure;Oblivion;41;
699;2002;horror-mystery;horror;mystery;Hellraiser Hellseeker;55;
700;2014;drama;drama;;Boyhood;79;
701;2009;biography-drama;biography;drama;The Blind Side;74;
702;2011;animation-adventure;animation;adventure;Cars 2;69;
703;1997;crime-drama;crime;drama;Jackie Brown;50;
704;1971;action-crime;action;crime;The French Connection;53;
705;2002;comedy-drama;comedy;drama;Punch drunk love;90;
706;1997;action-adventure;action;adventure;The fifth element;36;
707;1986;comedy-drama;comedy;drama;Hannah and Her Sisters;56;
708;2014;action-adventure;action;adventure;Edge of Tomorrow;41;
709;2010;action-adventure;action;adventure;The Losers;93;
710;1998;crime-drama;crime;drama;American History X;35;
711;1987;crime-drama;crime;drama;Wall Street;76;
712;2000;comedy-crime;comedy;crime;Cecil B. Demented;103;
713;2004;comedy-drama;comedy;drama;Burning Annie;48;
714;1994;action-adventure;action;adventure;Star Trek Generations;102;
715;1972;action-crime;action;crime;Getaway;44;
716;1939;adventure-fantasy;adventure;fantasy;The Wizard of Oz;60;
717;2008;comedy-crime;comedy;crime;Burn After Reading;67;
718;2011;comedy;comedy;;Cedar Rapids;86;
719;2009;action-adventure;action;adventure;Avatar;33;
720;2002;crime-drama;crime;drama;Panic Room;13;