"F1","Year","Title","Genre","Genre - Split 1","Genre - Split 2","Close Up","Extreme Close","Fast Motion","Slow-Mo","Wide View(Long Shot)","POV","Zoom","Med Close Shot","Med, Long Shot","Medium","Pan Down","Pan Left","Pan Right","Pan Up","Tilt Down","Tilt Up"
"0","1994"," Forrest Gump"," drama-romance","drama","romance","","","","2","","1","","","","","","","","","",""
"1","2009"," Amelia"," adventure-biography","adventure","biography","","","","","","1","","","","","","","","","1",""
"2","1997","Austin Powers International Man of Mystery"," adventure-comedy","adventure","comedy","","","","1","","1","1","","","","","","","","",""
"3","2011"," Hall Pass"," comedy-romance","comedy","romance","","","","2","","1","","","","","","","","","",""
"4","1980"," Friday the 13th"," horror-mystery","horror","mystery","6","","","","4","","","","","1","","","","","",""
"5","1982","The Thing"," horror-mystery","horror","mystery","4","","","","1","2","","","","","","","","","",""
"6","1949"," Roughshod"," action-adventure","action","adventure","4","","","","42","","","","12","","","","","","",""
"7","1979"," Kramer vs Kramer"," drama","drama","","8","2","","","49","","","","","3","","","","","",""
"8","1972"," The Day the Clown Cried"," drama","drama","","3","","","","11","","","","5","","","","","","",""
"9","1999"," 8MM"," mystery-thriller","mystery","thriller","1","","","","2","","","","","","1","","","","",""
"10","1983","Star Wars Episode VI - Return of the Jedi"," action-adventure","action","adventure","","","","","2","","","","","","1","","","","",""
"11","1985"," Witness"," crime-drama","crime","drama","1","","","","2","","","","","","","","","","",""
"12","1998"," Croupier"," crime-drama","crime","drama","1","","","1","2","","","","","","","","","","",""
"13","2004"," The Woodsman"," drama","drama","","","1","","","2","","1","","","","","","","","","1"
"14","1996"," The Postman"," action-adventure","action","adventure","","","","","","1","","","","","","","","1","",""
"15","1967"," Cool Hand Luke"," crime-drama","crime","drama","7","1","","","1","1","","","","","","","","","",""
"16","1995"," Kids"," drama","drama","","1","2","","","4","3","","","","","","","","","",""
"17","2009"," Precious"," drama","drama","","","","","","4","3","","","","1","","","","","",""
"18","2002","Blade II","action-horror","action","horror","1","","","","4","3","","","","","","","","","",""
"19","1997"," Breakdown"," action-crime","action","crime","","","","","1","1","","","","","","","","","",""
"20","1997"," Men In Black"," adventure-comedy","adventure","comedy","","","","","","1","","","","","1","","","","",""
"21","2011"," The Descendants"," comedy-drama","comedy","drama","","1","","","3","","1","","","","","","","","",""
"22","1992"," Reservoir Dogs"," crime- drama","crime","drama","9","","","3","","","","","","10","","","","","",""
"23","1951"," The Day the Earth Stood Still"," drama-sci-fi","drama","sci-fi","1","","","","19","","","3","6","","","","","","",""
"24","2002"," Collateral Damage"," action-drama","action","drama","12","","","2","","","","","","","","","","","",""
"25","1993","Cliffhanger"," action-adventure","action","adventure","","","","","9","","","","","","","","","","",""
"26","2003"," Bad Santa"," comedy-crime","comedy","crime","","","","1","","1","","","","","","","","","",""
"27","2007"," Honeydripper"," crime-drama","crime","drama","","","","","","7","","","","","","","","","1",""
"28","1997","U Turn"," crime-drama","crime","drama","1","","","","4","1","","","","","","","","","",""
"29","2002"," Simone"," comedy-drama","comedy","drama","7","","","","1","1","","","","","","","","","",""
"30","2017"," Beauty and the Beast"," musical-fantasy","musical","fantasy","1","","","","1","1","","","","","","","","","","1"
"31","1980","AIRPLANE!","comedy","comedy","","14","","1","","1","1","","","","","","","","","",""
"32","2003"," Crime Spree"," action-comedy","action","comedy","","","","3","","1","","","","","","","","","",""
"33","2007"," Nines"," drama-fantasy","drama","fantasy","1","","","","","1","","","","","","","","","",""
"34","1976","  All the Presidents Men"," biography-drama","biography","drama","13","","","","2","","","","","","","","","","",""
"35","2003"," Malibu's Most Wanted"," comedy-crime","comedy","crime","3","","","3","1","","","","","","","","","","",""
"36","1997"," Face Off"," action-crime","action","crime","2","1","","","1","1","1","","","","","","","","","1"
"37","2004"," Manchurian candidate"," drama-mystery","drama","mystery","","1","","","1","","1","","","","","","","1","",""
"38","2003"," Gothika"," horror-mystery","horror","mystery","","1","","","","1","","","","","1","","","1","",""
"39","1949"," Playback","drama","drama","","1","","","1","1","","","","","","","","","","",""
"40","2004"," The Butterfly Effect"," sci-fi-thriller","sci-fi","thriller","2","","","","1","","","","","","","","","","",""
"41","2013"," Bling Ring"," biography-crime","biography","crime","18","","","","1","","","","","","","","","","",""
"42","1987"," Evil Dead II Dead by Dawn","comedy-horror","comedy","horror","2","3","1","","24","8","","","","115","","","","","",""
"43","2009"," Terminator Salvation","action-adventure","action","adventure","","","","2","1","","","","","","","","","","1",""
"44","2013","American Hustle"," crime-drama","crime","drama","1","","","2","1","","","","","","1","","","","","1"
"45","2000","Frequency"," crime-drama","crime","drama","","","","","1","","","","","","","","","1","",""
"46","1944"," The curse of the cat people"," drama","drama","","21","","","","6","","","1","","","","","","","",""
"47","2000"," Quills"," biography-drama","biography","drama","1","","","","1","","","","","","","","","","",""
"48","1996"," Jerry Maguire"," comedy-drama","comedy","drama","","","","2","","2","","","","","","","","","",""
"49","2009"," 17 Again"," comedy-drama","comedy","drama","","","","","1","2","","","","","","","","","",""
"50","1949","Blue Hotel"," drama","drama","","61","7","","","11","2","","","","136","","","","","","1"
"51","1998"," Very Bad Things"," comedy-crime","comedy","crime","","","","2","1","3","","","","","","","","","",""
"52","1995"," Heat"," crime-drama","crime","drama","","","","","21","","3","","","","","","2","","2","2"
"53","2010"," Legion"," action-fantasy","action","fantasy","","","","2","19","","","","","","","","","","",""
"54","2006"," Disturbia"," drama-mystery","drama","mystery","11","","","","","","","","","","","","","","","1"
"55","1955"," The Night Of The Hunter"," crime-drama","crime","drama","12","3","","","15","","","","","45","","","","","3","2"
"56","2003"," The Life of David Gale"," crime-drama","crime","drama","19","","","2","3","","1","","","","","","","","",""
"57","1992"," The Power of One"," drama-sport","drama","sport","17","","","","","","","","","","1","","","","",""
"58","1987"," Tin Men"," comedy-drama","comedy","drama","12","","","","4","","","","","","","","","","",""
"59","2009"," Twilight New Moon"," adventure-drama","adventure","drama","","","","7","","1","","","","","","","","1","",""
"60","1993"," The Sandlot"," comedy-drama","comedy","drama","","","","2","","1","","","","","","","","","",""
"61","1997"," Air Force One"," action-drama","action","drama","","","","1","","1","","","","","","","","","",""
"62","2000"," The Crow Salvation"," action-crime","action","crime","","","","1","1","","","","","","","","","1","","1"
"63","2008","How to Lose Friends & Alienate People"," biography-comedy","biography","comedy","1","","","4","1","","","","","","","","","","",""
"64","1998"," Very Bad Things 2"," comedy-crime","comedy","crime","","","","2","1","3","","","","","","","","","",""
"65","1989"," Major League"," comedy-sport","comedy","sport","1","","","5","3","3","","","","","","","","","","2"
"66","1946"," It's a Wonderful Life"," drama-fantasy","drama","fantasy","19","","","","6","3","","","","91","","","","","",""
"67","1999"," Three Kings"," action-adventure","action","adventure","9","","","19","4","6","4","","","","","","","3","",""
"68","2003"," Basic Script"," action-crime","action","crime","1","","","1","4","6","","","","","","","","","",""
"69","2005","Domino"," action-biography","action","biography","1","","","5","4","6","1","","","","","","","","",""
"70","2000"," Pitch Black"," horror-sci-fi","horror","sci-fi","7","1","","","1","","","","","","","","","","",""
"71","1998"," Antz"," animation-adventure","animation","adventure","1","","","","2","","","","","","","","","","",""
"72","2008"," RocknRolla","action-crime","action","crime","1","","","","1","","","","","","","","","","",""
"73","1993"," A Perfect World"," crime-drama","crime","drama","28","4","","","1","1","","","","","","","","","",""
"74","1956"," The Man Who Knew Too Much"," drama-thriller","drama","thriller","58","","","","42","1","","","14","176","","","","","",""
"75","1998","Sphere"," drama-horror","drama","horror","1","","","","1","","1","","","","","","","","",""
"76","2003"," Big Fish"," adventure-drama","adventure","drama","","","","","1","","","","","","","","","","","1"
"77","2016"," Deadpool"," action-adventure","action","adventure","","","","2","1","","1","","","1","","","","","",""
"78","2000"," Little Nicky"," comedy-fantasy","comedy","fantasy","1","","","","1","","","","","","2","","","3","",""
"79","1993"," Mighty Morphin Power Rangers"," action-adventure","action","adventure","6","","","","1","","","","","","","","","","",""
"80","1931"," Platinum Blonde"," comedy-romance","comedy","romance","2","","","","4","","","","","71","","","","","",""
"81","2002"," Insomnia"," drama- mystery","drama","mystery","3","","","1","","6","","","","","","","","","",""
"82","1999"," South Park"," animation-comedy","animation","comedy","3","","","1","2","","1","","","","2","","","","",""
"83","2000"," Thirteen Days"," drama-history","drama","history","","","","","3","","","","","","","","","","",""
"84","1977"," Star Wars A New Hope"," action-adventure","action","adventure","","","","","1","1","","","","","","","","","",""
"85","2000"," Charlie's Angels"," action-adventure","action","adventure","1","","","2","1","1","3","","","","","","","","","3"
"86","2001"," Sugar and Spice"," comedy-crime","comedy","crime","","","","5","1","","","","","","3","","","1","",""
"87","1981"," An American Werewolf In London"," comedy-horror","comedy","horror","14","1","","","2","","","","","","","","","","",""
"88","1982"," The Verdict"," drama","drama","","4","","","","2","","","","","","","","","","",""
"89","1987"," Hellraiser"," horror-thriller","horror","thriller","5","","","","","","","","","","","","","","",""
"90","2004"," Collateral"," crime-drama","crime","drama","","","","4","1","","","","","","","1","1","","",""
"91","2002"," xXx"," action-adventure","action","adventure","","","","3","","1","","","","","","","","","",""
"92","2011","  Crazy, Stupid, Love"," comedy-drama","comedy","drama","","","","1","","1","","","","","","","","","","1"
"93","2001"," The Man Who Wasn't There"," crime-drama","crime","drama","","","","","","4","","","","","","","","","",""
"94","1998"," Enemy of the State"," action-crime","action","crime","","","","","1","","","","","1","","","","","",""
"95","1932","American Madness"," drama","drama","","42","","","","7","","","","2","26","","","","","",""
"96","2009"," Boondock Saints 2 All Saints"," action-crime","action","crime","","","","23","","1","","","","","","","","","",""
"97","2008"," Yes Man"," comedy-romance","comedy","romance","","","","","","1","","","","","1","","","","",""
"98","1999"," The Rage Carrie 2"," horror-sci-fi","horror","sci-fi","1","","","4","","1","","","","","","","","","",""
"99","1962"," To Kill a Mockingbird"," crime-drama","crime","drama","","","","","","14","","","","","","","","","",""
"100","2002"," Punch Drunk Love"," comedy-drama","comedy","drama","","","","","","1","2","","","","","","","","",""
"101","1981"," BodyHeat"," crime-drama","crime","drama","","","","","","1","","","","","","","","","1","1"
"102","2007"," Death at a Funeral","comedy","comedy","","1","","","","1","","","","","","","","","","",""
"103","2005"," Dave Barry's Complete Guide to Guys"," comedy","comedy","","1","","","4","","2","","","","","","","","","",""
"104","1990"," Millers Crossing"," crime-drama","crime","drama","","","","","4","2","","","","","","","","","",""
"105","2001"," Monkeybone"," animation-comedy","animation","comedy","8","","","2","","1","1","","","","","","","","",""
"106","2016"," Birth of  a Nation"," biography- drama","biography","drama","","","","1","","1","","","","1","","","","","",""
"107","2008"," The Curious Case of Benjamin Button"," drama-fantasy","drama","fantasy","","","","","","2","","","","","","","","","",""
"108","1988"," Beetlejuice"," comedy-fantasy","comedy","fantasy","3","","","","","1","","","","","","","","","",""
"109","2004"," Suspect Zero"," crime-horror","crime","horror","","","","","","1","","","","","","","","","1","3"
"110","1998"," There's Something About Mary"," comedy-romance","comedy","romance","2","","","","","1","","","","","","","","","",""
"111","1994"," Ed Wood"," biography-comedy","biography","comedy","1","","","","9","","","","","","","","","","",""
"112","1999"," Drop Dead Gorgeous"," comedy-romance","comedy","romance","5","","","","8","","1","","","","4","","","","",""
"113","1980"," Raging Bull"," biography-drama","biography","drama","9","","","3","","","","","","1","","","","","",""
"114","2001"," Ali"," biography-drama","biography","drama","","1","","9","2","","","","","","","","","","",""
"115","2010"," The Next Three Days"," action-crime","action","crime","","","","","2","1","","","","","","","","","",""
"116","2002"," The Salton Sea"," crime-drama","crime","drama","","3","","2","3","","","","","","","","","","",""
"117","1993"," Mary Shelley's Frankenstein"," drama-horror","drama","horror","","","","","2","","","","","","","","","","7","7"
"118","2001"," Human Nature"," comedy-drama","comedy","drama","","3","","","1","","","","","","","","","","",""
"119","1976","Rocky"," drama-sport","drama","sport","","2","","1","1","","","","","","","","","","",""
"120","1986"," Ferris Bueller's Day Off"," comedy","comedy","","","","","5","1","","","","","","","","","","",""
"121","2011"," Tinker Tailor Soldier Spy"," drama-mystery","drama","mystery","1","","","","1","","","","","","","","","","",""
"122","1979","  Breaking Away"," comedy-drama","comedy","drama","68","","","","4","","","","","","","","","","",""
"123","2002"," Time Machine"," action-adventure","action","adventure","1","5","","","38","","","","","","1","","","","",""
"124","1936"," Mr. Dees goes to town"," comedy-drama","comedy","drama","24","","","","13","2","","","1","47","","","","","",""
"125","1995"," Casino"," crime-drama","crime","drama","","3","","2","","2","1","","","","","","","","","1"
"126","1999"," The Green Mile"," crime-drama","crime","drama","","","","1","2","","","","","","","","","","","5"
"127","1971"," The French Connection"," action-crime","action","crime","","","","","","1","","","","","","","1","","",""
"128","1990"," Misery"," crime-drama","crime","drama","17","","","","","1","","","","","","","","","",""
"129","1976"," Carrie"," horror","horror","","3","","","2","2","4","","","","","","","","","",""
"130","2005"," Flightplan"," mystery-thriller","mystery","thriller","1","","","","","4","","","","","","","","","","1"
"131","1990"," Total Recall"," action-sci-fi","action","sci-fi","2","1","","","","","1","","","","1","","","","",""
"132","2009"," Extract"," comedy-crime","comedy","crime","","","","1","","4","","","","","","","","","",""
"133","1992"," Bodyguard","action-drama","action","drama","1","","","2","1","","","","","","","","","","",""
"134","1993"," The Program"," action-drama","action","drama","","","","6","","2","","","","","","","","","",""
"135","2009"," Obsessed"," drama-romance","drama","romance","","","","","","1","","","","","","","","1","",""
"136","2000"," Reindeer Games"," action-adventure","action","adventure","","","","","","1","","","","1","","","","","",""
"137","1999"," Magnolia"," drama","drama","","32","3","","","3","1","7","","","","","","","","","1"
"138","2014"," Bad Country"," action-crime","action","crime","2","","","","","6","","","","","","","","1","",""
"139","2000"," O Brother, Where Art Thou"," adventure-comedy","adventure","comedy","2","","","","","6","","","","","1","","","","",""
"140","1984"," A Nightmare on Elm Street"," horror","horror","","1","","","2","2","","2","","","1","","","","1","",""
"141","1997","187"," drama-thriller","drama","thriller","","","","5","","1","","","","","","","","","1","1"
"142","1992"," Bodyguard","action-drama","action","drama","1","","","2","1","","","","","","","","","","",""
"143","2004","Taking Lives"," crime-drama","crime","drama","","","","","1","","","","","","","","","","","1"
"144","1989"," Indiana Jones And The Last Crusade"," action-adventure","action","adventure","2","","","","4","1","","","","","","","","","",""
"145","1997"," Grosse Pointe Blank"," action-comedy","action","comedy","","","","1","1","","","","","","","","","","",""
"146","1999"," Analyze This"," comedy-crime","comedy","crime","","","","","1","","","","","","","","","","","1"
"147","2004"," Harry Potter and the Prisoner of Azkaban"," adventure-fantasy","adventure","fantasy","2","","","","","1","","","","","","","","","1","1"
"148","2007"," Next"," action-sci-fi","action","sci-fi","","","","","","1","","","","","","","","1","",""
"149","2001"," Swordfish"," action-crime","action","crime","39","1","","9","4","","1","","","1","","","","","2",""
"150","1981","Thief"," action-crime","action","crime","1","","","","2","","","","","","","","","","3",""
"151","1990"," Good Fellas"," biography-crime","biography","crime","19","3","","","1","","","","","","","","","","1","4"
"152","1992"," The Last Of The Mohicans"," action-adventure","action","adventure","","2","","1","18","","","","","","","","","","",""
"153","1991"," Mobsters","crime-drama","crime","drama","","","","1","17","","","","","","1","","","","",""
"154","1992"," Thunderheart"," crime-mystery","crime","mystery","","","","","3","1","","","","","","","","","",""
"155","2007","Superbad"," comedy","comedy","","1","","","1","","1","","","","","","","","","",""
"156","1995"," Bad Boys"," action-comedy","action","comedy","","","","","2","","","","","","","","","","1","1"
"157","1985"," Commando"," action-adventure","action","adventure","3","","","","2","","","","","1","","","","","",""
"158","2005"," The Hitchhiker's Guide to the Galaxy"," adventure-comedy","adventure","comedy","","","","","","3","","","","","","1","","","","1"
"159","1985"," Fletch"," comedy-crime","comedy","crime","","","","","1","8","","","","","","","","","",""
"160","1941"," Citizen Kane"," drama-mystery","drama","mystery","","","","","2","","","","","","","","","","",""
"161","2000"," Nurse Betty"," comedy-crime","comedy","crime","1","","","","2","","","","","","","","","","",""
"162","1991"," Backdraft"," action-crime","action","crime","1","","","","1","","","","","","","","","","",""
"163","2003"," House Of 1000 Corpses"," horror","horror","","8","","","","1","","1","","","","","","","","",""
"164","2000"," Quantum Project"," adventure-drama","adventure","drama","","4","","3","","3","","","","","","","","","",""
"165","1997"," Metro"," action-comedy","action","comedy","2","","","2","2","2","","","","","","","","","","1"
"166","1998","The Horse Whisperer"," drama-romance","drama","romance","","","","","1","5","","","","1","","","","","",""
"167","1997"," G.I. Jane"," action-drama","action","drama","1","","","","2","","","","","","","","","","1","1"
"168","2009"," Star Trek"," action-adventure","action","adventure","","","","","2","","","","","","","","","","3","1"
"169","2001","Legally Blonde"," comedy-romance","comedy","romance","","","","1","2","","","","","","","","","","",""
"170","2001"," The Majestic"," drama-romance","drama","romance","","","","1","2","","","","","","1","","","","1",""
"171","1983"," Krull"," action-adventure","action","adventure","","","","","3","","","","","","","","","","",""
"172","1986"," Aliens"," action-adventure","action","adventure","1","","","","2","","","","","","","","","","",""
"173","1998"," Godzilla"," action-sci-fi","action","sci-fi","","","","","2","","1","","","","","","","","","1"
"174","2006"," Smokin' Aces"," action-crime","action","crime","","","","1","2","","","","","","","","","","",""
"175","2006"," Slither"," comedy-horror","comedy","horror","5","","1","","2","","1","","","","","","","","",""
"176","1992"," Reservoir Dogs"," crime-drama","crime","drama","9","","","3","","","","","","10","","","","","",""
"177","1991"," The Silence of the Lambs"," crime-drama","crime","drama","1","3","","4","1","","","","","","","","","","",""
"178","1999"," Snow Falling On Cedars"," drama-mystery","drama","mystery","","","","1","","","","","","","","","","","",""
"179","2011"," Shipping News"," drama","drama","","","","","2","","","","","","","","","","","",""
"180","2008"," Mirrors"," horror-mystery","horror","mystery","","","1","","1","","","","","","","","","","",""
"181","1994"," Cobb"," biography-drama","biography","drama","","1","","","1","11","","","","","","","","","",""
"182","1987"," One Saliva Bubble"," mystery","mystery","","2","2","","","","11","","","","","","","","","",""
"183","1990"," Die Hard 2"," action-thriller","action","thriller","","","1","","1","","","","","","","","","","","3"
"184","1999"," Mumford"," comedy-drama","comedy","drama","","3","1","","","","","","","","","","","","","2"
"185","2003"," Hebrew Hamme"," comedy","comedy","","2","","","1","","1","","","","1","","","","","",""
"186","2001"," Birthday Girl"," comedy-crime","comedy","crime","3","","","","","","","","","","","","","","",""
"187","1988"," Hellbound Hellraiser II"," horror-thriller","horror","thriller","9","","","","1","","","","","","","","","","",""
"188","1997"," Tomorrow Never Dies"," action-adventure","action","adventure","1","","","","2","","","","","","","","","","",""
"189","1989"," Batman"," action-adventure","action","adventure","3","","","1","","1","","","","","1","","","1","3","1"
"190","1998"," Dark City"," mystery-sci-fi","mystery","sci-fi","","","","","","1","","","","","","","","","","1"
"191","2002","The Pianist"," biography-drama","biography","drama","","","","","","2","","","","","","","","","",""
"192","2009"," Jennifer's Body"," comedy-horror","comedy","horror","","","","1","","1","","","","","","","","","",""
"193","1999"," Fight Club"," drama","drama","","3","1","","2","","3","","","","","","","","","",""
"194","2017"," Coco"," animation-adventure","animation","adventure","","","","","","3","","","","","","","","","1",""
"195","1979"," Apocalypse Now"," drama-war","drama","war","","","","","","1","","","","12","","","","","",""
"196","1992"," Twin Peaks"," drama-horror","drama","horror","11","","","1","","","","","","","","","","","",""
"197","2013"," Fruitvale Station"," biography-drama","biography","drama","2","","","1","","","","","","","","","","","",""
"198","1987","Moonstruck"," comedy-drama","comedy","drama","4","","","","","","","","","","","","","","",""
"199","1995"," Four Rooms"," comedy","comedy","","1","","","","","","","","","2","","","","","",""
"200","2001"," Ticker"," action-crime","action","crime","2","","","","","","","","","","","","","","",""
"201","1976","Taxi Driver","  crime-drama","crime","drama","3","","","4","","2","","","","","","","","","",""
"202","1978","  Midnight Express"," biography-crime","biography","crime","","","","8","4","1","","","","","","","","","",""
"203","2001"," Kate & Leopold"," comedy-fantasy","comedy","fantasy","8","1","","","1","1","","","","","","","","","",""
"204","1974"," Dark Star"," comedy-sci-fi","comedy","sci-fi","","","","","2","1","","","","","","","","","",""
"205","1975"," Jaws"," adventure-drama","adventure","drama","1","","","","5","15","","","","","","","","","",""
"206","1988"," Bull Durham"," comedy-romance","comedy","romance","","4","","3","5","","1","","","","","","","","",""
"207","1999"," The Talented Mr Ripley"," crime-drama","crime","drama","","","","","5","1","","","","","","","","","",""
"208","2010"," Date Night"," comedy-crime","comedy","crime","3","","","","5","","","","","","","","","","",""
"209","2011"," Limitless"," mystery-sci-fi","mystery","sci-fi","1","","","","5","","","","","","","","","","",""
"210","1993"," Philadelphia"," drama","drama","","3","","","","3","1","1","","","","","","","","",""
"211","2007"," The Bourne Ultimatum"," action-mystery","action","mystery","1","","","","","4","","","","2","","","","","",""
"212","1987"," The Princess Bride"," adventure-fantasy","adventure","fantasy","1","","","","1","4","","","","","","","","","",""
"213","2005"," Feast"," action-comedy","action","comedy","1","","","","","4","","","","1","","","","","",""
"214","1992"," Hero"," comedy-drama","comedy","drama","3","","","","","4","","","","","","","","","",""
"215","2004"," Man On Fire"," action-drama","action","drama","11","","","","","","","","","","","","","","",""
"216","1992"," Malcolm X"," biography","biography","","8","","","1","2","","","","","1","1","","","","",""
"217","1994"," Pulp Fiction"," crime-drama","crime","drama","7","","","","1","","","","","1","","","","","",""
"218","2008"," No Country For Old Men"," crime-drama","crime","drama","","","","","1","1","","","","","","","","","",""
"219","1939"," Ninotchka"," comedy-romance","comedy","romance","","","","","9","","","","","14","","","","","",""
"220","2001"," The Believer Script"," drama","drama","","","","","","","2","","","","","","","","","","1"
"221","1986"," Blue Velvet"," drama-mystery","drama","mystery","16","2","","1","1","2","","","","","2","","","1","",""
"222","1997","The Assignment"," action-crime","action","crime","","1","","","","2","","","","","","","","1","",""
"223","2002"," Queen of the Damned"," drama-fantasy","drama","fantasy","2","1","","","","2","","","","","1","","","1","2",""
"224","1999"," The World is not Enough"," action-adventure","action","adventure","","","","","1","1","","","","","","","","","",""
"225","2004"," Sideways"," comedy-drama","comedy","drama","","","","","6","","","","","","","","","","",""
"226","1999"," House on Haunted Hill"," horror-mystery","horror","mystery","","","","1","","6","","","","","","","","","",""
"227","1973"," Badlands"," crime-drama","crime","drama","3","","","","3","","","","","","","","","","",""
"228","2005"," Warm Springs"," biography-drama","biography","drama","1","","","","1","","","","","","","","","","",""
"229","1999"," Mummy"," action-adventure","action","adventure","","","","","1","","","","","","1","","","1","","1"
"230","2006"," Crank"," action-crime","action","crime","1","","","1","1","","","","","","","","","","",""
"231","1992"," The Distinguished Gentleman"," comedy-crime","comedy","crime","1","1","","","2","","","","","","","","","","","1"
"232","1991","The Fisher King"," comedy-drama","comedy","drama","8","","","2","1","1","","","","","","","","","",""
"233","2002","Below"," horror-mystery","horror","mystery","1","","","","1","1","","","","","","","","","",""
"234","1995"," Braveheart"," biography-drama","biography","drama","","","","3","2","2","","","","","","","","","",""
"235","2002"," Solaris"," drama-mystery","drama","mystery","","2","","","","2","","","","","","","","","",""
"236","2002"," Death to Smoochy"," comedy-crime","comedy","crime","","","","2","4","3","","","","","","","","","1",""
"237","1992"," Buffy the Vampire Slayer script by Joss Whedon"," action-comedy","action","comedy","14","","","","4","3","","","","","","","","","",""
"238","1993"," Kalifornia"," crime-drama","crime","drama","7","","","","1","","","","","","","","","1","",""
"239","1999"," American Pie"," comedy","comedy","","2","","","","1","","","","","","","","","","2",""
"240","2001"," Antitrust"," action-crime","action","crime","1","","","","1","","","","","","","","","","","1"
"241","1935"," The Thin Man"," comedy-crime","comedy","crime","38","","","","3","","","","","16","","","","","",""
"242","2005"," The Island"," action-adventure","action","adventure","1","","","","2","","","","","","","","","","",""
"243","2007"," Timber Falls"," horror-thriller","horror","thriller","1","","","","","2","","","","","","","","","",""
"244","1991"," The Addams Family"," comedy-fantasy","comedy","fantasy","3","","","","","","","","","","","","","","",""
"245","1999"," Sleepy Hollow"," fantasy-horror","fantasy","horror","2","","","","","1","","","","","","","","","",""
"246","2001"," Ghost World"," comedy-drama","comedy","drama","1","","","","1","","","","","","","","","","",""
"247","1982"," Airplane 2 The Sequel"," comedy-sci-fi","comedy","sci-fi","25","","","5","1","","","","","","","","","1","",""
"248","1948"," Station West"," action-mystery","action","mystery","","","","","3","","","","","","","","","","",""
"249","1989"," Dry White Season"," drama-thriller","drama","thriller","3","","","","1","","","","","","","","","","",""
"250","2009"," 500 Days"," comedy-drama","comedy","drama","29","","","3","","","1","","","","","","","","",""
"251","1997"," Event Horizon"," horror-sci-fi","horror","sci-fi","1","","","","","1","","","","","","","","","",""
"252","2010"," Clash of the Titans"," action-adventure","action","adventure","2","","","1","","1","","","","","","","","","2","2"
"253","2012","  Frankenweenie"," animation-comedy","animation","comedy","","","","","","1","","","","","","","","","1",""
"254","2000","Pitch Black"," horror-sci-fi","horror","sci-fi","7","1","","","1","","","","","","","","","","",""
"255","1992"," Bad Lieutenant"," crime-drama","crime","drama","8","","","","","17","1","","","","","","","","",""
"256","1984"," Terminator"," action-sci-fi","action","sci-fi","","","","1","7","4","","","","9","","","","1","2","1"
"257","2016"," 20th Century Woman"," comedy-drama","comedy","drama","2","","4","","2","","","","","","","","","","",""
"258","2006"," Miami vice"," action-crime","action","crime","1","","","","3","","","","","","","","","","",""
"259","1999"," Wild Wild West"," action-comedy","action","comedy","1","1","","","1","1","","","","","2","","","","",""
"260","2005"," Fantastic Four"," action-adventure","action","adventure","1","","","3","","1","","","","","","","","","",""
"261","2009"," Moon"," drama-mystery","drama","mystery","9","","","","4","","","","","","","","","","",""
"262","1998"," Deep Rising"," action- adventure","action","adventure","","","","1","","","","","","","","","","1","",""
"263","1982"," Gandhi"," biography-  drama","biography","drama","","1","","","2","5","","","","","","","","","",""
"264","1997"," Lost Highway"," mystery-thriller","mystery","thriller","24","","","","1","","","","","1","","","","","",""
"265","1948"," Mr Blandings Builds His Dream House"," comedy-romance","comedy","romance","5","1","","","9","","","","","","","","","","",""
"266","1945"," Isle of the dead"," drama-horror","drama","horror","4","","","","7","","","","1","","","","","","",""
"267","2005"," Little Athens"," comedy-crime","comedy","crime","","","","","7","1","","","","1","","","","","",""
"268","1943","The leopard man"," horror-thriller","horror","thriller","9","","","","8","1","","","9","","","","","","",""
"269","2009"," Law Abiding Citizen","crime-drama","crime","drama","1","","","2","1","","","","","","","","","","1","5"
"270","2011"," The Ides of March"," drama-thriller","drama","thriller","1","","","","1","","","","","","","","","","",""
"271","1998"," Who Framed Roger Rabbit?"," animation-adventure","animation","adventure","2","","","","2","3","","","","","2","","","2","",""
"272","1954","Rear Window"," mystery-thriller","mystery","thriller","212","","","","123","3","","","","91","","","","","",""
"273","1998"," Wild Things"," crime-drama","crime","drama","","","","","3","3","","","","","","","","","",""
"274","1975"," Dog Day Afternoon"," biography-crime","biography","crime","1","","","","5","3","","","","","","","","","",""
"275","1945"," The Body Snatcher"," horror-thriller","horror","thriller","4","","","","8","3","","","","","","","","","",""
"276","1991"," The Last Boy Scout"," action-comedy","action","comedy","","","","3","5","3","","","","","","","","","",""
"277","1996","  White Squall"," adventure-drama","adventure","drama","","","","","2","","","","","","","","","","",""
"278","2004"," The Village"," drama-mystery","drama","mystery","","","","","1","","","","","1","","","","","",""
"279","1979"," Star Trek The Motion Picture"," action-crime","action","crime","","2","","","1","","","","","1","","","","","",""
"280","2006"," Slither  2"," comedy-horror","comedy","horror","9","","1","","","","1","","","","","","","","",""
"281","1999"," Detroit Rock City"," comedy-music","comedy","music","4","","","4","","","","","","","","","","","","1"
"282","1996"," Tin Cup"," comedy-drama","comedy","drama","","","","","1","4","","","","","1","","","","",""
"283","2000"," Wonder Boys"," comedy-drama","comedy","drama","1","","","","1","4","","","","","","","","","",""
"284","2002"," Analyze That"," comedy-crime","comedy","crime","","","","","1","4","","","","","1","","","1","",""
"285","1997"," Absolute Power"," action-crime","action","crime","19","1","","1","1","6","","","","","","","","","",""
"286","1996"," The Ghost and the Darkness"," adventure-drama","adventure","drama","16","","","","3","6","","","","","","","","","",""
"287","2004"," Cellular"," action-crime","action","crime","2","","","","","","","","","","2","","","1","","1"
"288","2000"," Next Friday"," comedy","comedy","","2","","","2","","","","","","","","","","","",""
"289","1995"," Strange Days"," action-crime","action","crime","2","","","2","","3","","","","","","","","","",""
"290","1969"," The Italian Job"," action-comedy","action","comedy","1","","","1","","3","","","","","","","","","",""
"291","2009","  I Love You Phillip Morris"," biography-comedy","biography","comedy","2","","","","","3","","","","","","","","","",""
"292","2006"," Boy Who Never Slept"," comedy-romance","comedy","romance","16","","","","1","","","","","","","","","","",""
"293","2009"," Youth in Revolt"," comedy-drama","comedy","drama","","","","","","1","","","","","1","","","","",""
"294","1941"," Meet John Doe"," drama-comedy","drama","comedy","","","","","16","1","","","2","","","","","","",""
"295","1998"," Ronin"," action-adventure","action","adventure","","","","5","","1","","","","","","","","","",""
"296","1974"," Chinatown"," drama-mystery","drama","mystery","1","","","","1","3","","","","","","","","","",""
"297","1990"," The Adventures of Ford Fairlane"," action-adventure","action","adventure","1","","","","2","3","","","","","","","","","",""
"298","1976"," Logans Run"," action-sci-fi","action","sci-fi","8","1","","","9","7","","","","6","","","","","",""
"299","1937"," Lost Horizon"," adventure-drama","adventure","drama","1","","","","44","7","","","4","61","","","","","",""
"300","2015"," Star War Episode VII - The Force Awakens"," action-adventure","action","adventure","","","","","8","","","","","","","","","","","1"
"301","2000"," Book of Shadows Blair Witch 2"," adventure-fantasy","adventure","fantasy","1","","","","","4","","","","","","","","","",""
"302","1991"," Terminator 2 Judgement Day"," action-sci-fi","action","sci-fi","6","1","","4","","","","","","","","","","","","2"
"303","1953"," Stalag 17"," comedy-drama","comedy","drama","1","","","","","","","","","","","","","1","",""
"304","2011"," Super 8"," mystery-sci-fi","mystery","sci-fi","4","","","2","4","","","","","","","","","","1",""
"305","1992","The Crying Game"," crime-drama","crime","drama","","","","","4","1","","","","","","","","","",""
"306","1993"," Fatal Instinct"," comedy-crime","comedy","crime","1","","","","4","","","","","1","","","","","1",""
"307","2003"," Cradle 2 the Grave"," action-crime","action","crime","12","","","","","1","","","","1","","","","","",""
"308","2003"," New York Minute"," comedy-crime","comedy","crime","","","1","1","","1","","","","","","","","","",""
"309","1967"," The Producer"," comedy","comedy","","","","","","4","18","","","","10","1","","","","",""
"310","2001"," Scary Movie"," comedy","comedy","","1","","","1","1","","","","","","1","","","","",""
"311","1997"," Conspiracy Theory"," action-mystery","action","mystery","1","","","","1","","","","","","1","","","1","",""
"312","1996"," From Dusk Till Dawn"," action-crime","action","crime","3","","","4","1","","","","","","","","","","",""
"313","1997"," Jackie Brown"," crime-drama","crime","drama","33","6","","","","1","","","","2","","","","","",""
"314","2005"," The Pacifier"," action-comedy","action","comedy","1","","","2","5","","","","","","","","","","",""
"315","1993","Demolition Man"," action-crime","action","crime","","1","","","1","","","","","","","","","","1",""
"316","2003"," Kill Bill"," action-crime","action","crime","48","","","2","5","3","8","","","2","","","","","",""
"317","1997"," Devil's Advocate"," drama-mystery","drama","mystery","48","","","2","5","3","","","","","","","","","",""
"318","1978"," Jaws 2"," adventure-drama","adventure","drama","2","1","","","4","11","","","","","","","","","",""
"319","1982"," Fast Times At Ridgemont High"," comedy-drama","comedy","drama","","","","","3","1","","","","","","","","","",""
"320","1943"," Seventh Victim"," drama-horror","drama","horror","7","","","","6","","","","1","","","","","","",""
"321","2001"," Jay and Silent Bob Strike Back"," comedy","comedy","","","","","2","3","","","","","","1","","","","",""
"322","1957"," Sweet Smell of Sucess"," drama-film-noir","drama","film","12","","","","7","","","","","1","","","","","",""
"323","1993"," The Three Musketeers"," action-adventure","action","adventure","2","","","","","","","","","","","","","","",""
"324","1994"," Natural Born Killers"," crime-drama","crime","drama","5","1","","2","4","","","","","7","","","","","",""
"325","1997","  The Game"," drama-mystery","drama","mystery","","","","2","2","3","","","","","1","","","","",""
"326","1998"," The X-Files Fight the Future","comedy","comedy","","3","","","","9","1","","","","2","","","","","",""
"327","1990"," Wild At Heart"," comedy-crime","comedy","crime","17","11","","","9","1","","","","","","","","","",""
"328","1995"," Get Shorty"," comedy-crime","comedy","crime","3","","","","9","1","","","","","","","","","5","3"
"329","1932"," Grand Hotel"," drama-romance","drama","romance","1","","","","9","1","","","","","1","","","","",""
"330","1994"," Dumb And Dumber"," comedy","comedy","","5","1","","","9","1","4","","","","3","","","","",""
"331","1984"," Blood Simple"," crime-drama","crime","drama","","4","","","14","1","","","","","","","","","",""
"332","1994"," True Lies"," action-comedy","action","comedy","4","","","1","","1","","","","","","","","","1",""
"333","2006","The Black Dahlia"," crime-drama","crime","drama","3","","","3","1","","","","","","","","","","",""
"334","1987","  Someone To Watch Over Me"," crime-drama","crime","drama","1","","","","1","","","","","","","","","","",""
"335","2011","  Cowboys & Aliens"," action-sci-fi","action","sci-fi","","","","","2","","","","","","","","","","","1"
"336","2010"," Burlesque"," drama-musical","drama","musical","1","1","","1","1","","","","","","","","","1","",""
"337","1996"," Jon Favreau's Swingers"," comedy-drama","comedy","drama","1","1","","1","2","","","","","1","","","","","","1"
"338","1992"," Man Trouble"," comedy-romance","comedy","romance","2","","","","1","7","","","","","","","","","",""
"339","1997"," Titanic"," drama-romance","drama","romance","","1","","5","1","","","","","","","","","","",""
"340","1995","  Nick of Time"," action-crime","action","crime","","1","","1","1","","","","","","","","","","",""
"341","1992"," City of Joy"," drama","drama","","","1","","1","1","1","","","","","4","","","1","",""
"342","1988"," Above the Law"," action-crime","action","crime","17","","","","3","1","","","","","","","","","1",""
"343","2003"," Crime Spree"," action-comedy","action","comedy","","","","3","","1","","","","","","","","","",""
"344","1960","Psycho"," horror-mystery","horror","mystery","16","","","","5","","","","","3","","","","","",""
"345","1993"," Never Been Kissed"," comedy-drama","comedy","drama","13","","","2","1","","1","","","","4","","","2","",""
"346","1933"," Duck Soup"," comedy-musical","comedy","musical","3","1","","","3","","","","","","","","","","",""
"347","2006"," The Surfer King"," comedy","comedy","","","","","1","","","","","","","","","","","",""
"348","1940"," His Girl Friday"," comedy-drama","comedy","drama","58","","","","2","","","","3","20","","","","","",""
"349","1992"," Basic Instinct"," drama-mystery","drama","mystery","3","","","","","","","","","","","","","","",""
"350","1976","Taxi Driver"," crime-drama","crime","drama","3","","","4","","2","","","","","","","","","",""
"351","1953","From Here to Eternity"," drama-romance","drama","romance","13","1","","","29","2","","","","187","","","","","",""
"352","1980","Raging Bull"," biography-drama","biography","drama","3","","","3","","2","","","","1","","","","","",""
"353","2003","The Lord of the Rings The Return of the King"," adventure-drama","adventure","drama","","","","11","2","","","","","","","","","","2","1"
"354","2009","Case 39"," horror-mystery","horror","mystery","1","","","","2","","","","","","","","","","",""
"355","2001","Lord of the Rings Fellowship of the Ring"," adventure-drama","adventure","drama","","","","2","1","","","","","","","","","","1",""
"356","1980","AIRPLANE!","comedy","comedy","","14","","1","","11","","","","","","","","","","",""
"357","2014"," The Boxtrolls","animation-adventure","animation","adventure","","","","","2","1","","","","","","","","1","",""
"358","1999","The Talented Mr. Ripley"," crime-drama","crime","drama","1","","","","","1","","","","","","","","","",""
"359","1996"," Sling Blade"," drama","drama","","4","","","","","","","","","","","","","","",""
"360","2011","Machine Gun Preacher"," action-biography","action","biography","1","","","","","","","","","","","","","","",""
"361","1989"," Do the right thing"," comedy-drama","comedy","drama","13","1","","1","","","","","","1","","","","","",""
"362","2015","Beasts of No Nation","drama-war","drama","war","","","","","2","","","","","","","","","","",""
"363","1987","The Princess Bride"," adventure-family","adventure","family","9","","","","2","","","","","","","","","","",""
"364","1990"," Tremors","comedy-horro","comedy","horro","","","","","1","","","","","","","","","","","2"
"365","2003","Bruce Almighty"," comedy","comedy","","","1","","","3","","","","","","","","","","",""
"366","1997"," Anastasia"," animation-adventure","animation","adventure","2","","","","4","","","","","","1","","","","",""
"367","2015","Carol","drama-romance","drama","romance","","","","1","3","","","","","","","","","","",""
"368","1996"," Star Trek First Contact"," action-adventure","action","adventure","","1","","","3","","","","","","","","","","",""
"369","1992"," The Crying Game"," comedy-drama","comedy","drama","","","","","3","1","","","","","","","","","",""
"370","2010","The Debt"," drama-thriller","drama","thriller","","","","","1","1","","","","","","","","","",""
"371","1997","Scream 2"," horror-mystery","horror","mystery","1","","","","","1","","","","","","","","","",""
"372","2017","Darkest Hour","biography-drama","biography","drama","","1","","","2","","","","","","","","","","",""
"373","2011"," Rise of the Planet of the Apes"," action-drama","action","drama","7","","","","1","","","","","","","","","","",""
"374","2002"," The Lord of the Rings Two Towers","adventure-drama","adventure","drama","","","","7","13","1","","","","","","","","3","",""
"375","1995","Casino"," crime-drama","crime","drama","","3","","2","13","1","1","","","","","","","","","1"
"376","2007","Fracture"," crime-drama","crime","drama","1","1","","","13","1","","","","","","","","","",""
"377","1995","The American President"," comedy-drama","comedy","drama","","","","","13","1","","","","","","","","","1",""
"378","1998"," Man in the Iron Mask","action-adventure","action","adventure","","","","1","13","1","","","","","1","","","1","",""
"379","1989"," Indiana Jones And The Last Crusade"," action-adventure","action","adventure","9","","","","6","","","","","","","","","1","",""
"380","2009","Coraline","animation-drama","animation","drama","1","","","","2","3","","","","","","","","","3","2"
"381","2001","Heist"," action-crime","action","crime","1","","","","2","3","","","","","","","","1","","1"
"382","2011","Colombiana","action-crime","action","crime","1","","","","2","3","","","","","2","","","","",""
"383","1995"," Toy Story"," animation-adventure","animation","adventure","3","","","1","2","3","1","","","","","","","","",""
"384","1991","Barton-Fink","comedy-drama","comedy","drama","","5","","","2","","","","","","","","","","",""
"385","1998","Lost in Space","action-adventure","action","adventure","","","","","","1","","","","","4","","","1","",""
"386","2009","Angels & Demons","mystery-thriller","mystery","thriller","","","","","1","2","","","","","","","","","",""
"387","2003","Something's Gotta Give"," comedy-drama","comedy","drama","","","","4","1","","","","","","","","","","","1"
"388","1995"," The Usual Suspects"," crime-mystery","crime","mystery","","","","","1","","","","","","1","","","1","",""
"389","2011","The Change-Up","comedy-fantasy","comedy","fantasy","2","","","1","","","","","","","","","","","",""
"390","1963","The Birds"," drama-horror","drama","horror","28","1","","","43","","","","","","","","","","",""
"391","1990"," The Godfather Part III","crime-drama","crime","drama","","","","","1","1","","","","","","","","","",""
"392","2002","Minority Report","action-adventure","action","adventure","","","","1","1","","","","","","","","","","",""
"393","2002"," Solaris"," drama-mystery","drama","mystery","","2","","","2","","","","","","","","","","",""
"394","2017","The Beguiled","drama-thriller","drama","thriller","","3","","","6","","","","","","","","","","",""
"395","1989","Field of Dreams"," drama-family","drama","family","","","","","6","7","","","","","","","","","",""
"396","1991","Thelma and Louise"," adventure-crime","adventure","crime","3","1","","","3","2","","","","","","","","","",""
"397","2015","Point Break","action-crime","action","crime","","1","","7","","1","","","","","","","","","",""
"398","1982"," Star Trek II The Wrath of Khan"," action-adventure","action","adventure","4","","","","","1","","","","","","","","","",""
"399","1975"," Dog Day Afternoon"," biography-crime","biography","crime","1","","","","1","1","","","","","","","","","",""
"400","2001","Majestic"," drama-romance","drama","romance","","","","1","","1","","","","","1","","","","1",""
"401","2000","State and Main"," comedy-drama","comedy","drama","2","","","","","","","","","","","","","","",""
"402","2009"," Surrogates"," action-sci-fi","action","sci-fi","","","","2","1","3","","","","","","","","","",""
"403","2007","The Transformers"," action-adventure","action","adventure","","","","","11","2","","","","","","","","1","",""
"404","2009","Nine","drama-musical","drama","musical","1","","","","1","2","","","","","","","","","",""
"405","2011","Shame"," drama","drama","","1","","","","1","2","","","","","","","","","",""
"406","2002"," Hellraiser Hellseeker"," horror-mystery","horror","mystery","3","","","","1","2","","","","","","","","","",""
"407","2009"," The Blind Side","biography-drama","biography","drama","","","","1","1","","","","","","","","","","",""
"408","2011","Cars 2","animation-adventure","animation","adventure","","","","","1","","","","","","","","","1","1",""
"409","1997"," Jackie Brown"," crime-drama","crime","drama","33","6","","","","1","","","","2","","","","","",""
"410","1971","The French Connection"," action-crime","action","crime","","","","","","1","","","","","","","1","","",""
"411","2002","Punch drunk love"," comedy-drama","comedy","drama","","","","","","1","2","","","","","","","","",""
"412","2014"," Edge of Tomorrow"," action-adventure","action","adventure","1","1","","3","","","","","","","","","","","",""
"413","2010"," The Losers"," action-adventure","action","adventure","","","","1","1","","","","","","","","","","","1"
"414","2004","Burning Annie"," comedy-drama","comedy","drama","2","","","","","1","","","","","","","","","",""
"415","2008","Burn After Reading"," comedy-crime","comedy","crime","34","","","","1","","","","","","","","","","",""
"416","2009","Avatar","action-adventure","action","adventure","11","","","3","1","1","","","","1","","","","","",""
